Workbook

Sheet MAT-CHINA
A1: PART | B1: T | C1: W | D1: L | E1: PCS | F1: INV | G1: IN DATE | H1: OUT DATE - JULY | AM1: BALANCE | AN1: m3 | AO1: USD/PCS | AP1: USD/m3 | AQ1: USD to THB
H2: 1 | I2: 2 | J2: 3 | K2: 4 | L2: 5 | M2: 6 | N2: 7 | O2: 8 | P2: 9 | Q2: 10 | R2: 11 | S2: 12 | T2: 13 | U2: 14 | V2: 15 | W2: 16 | X2: 17 | Y2: 18 | Z2: 19 | AA2: 20 | AB2: 21 | AC2: 22 | AD2: 23 | AE2: 24 | AF2: 25 | AG2: 26 | AH2: 27 | AI2: 28 | AJ2: 29 | AK2: 30 | AL2: 31
A3: 22122 | B3: 12.7 | C3: 57.2 | D3: 1219.2 | E3: 104 | F3: TGTM-25001 | G3: 45706 | AM3: =E3-H3-I3-J3-K3-L3-M3-N3-O3-P3-Q3-R3-S3-T3-U3-V3-W3-X3-Y3-Z3-AA3-AB3-AC3-AD3-AE3-AF3-AG3-AH3-AI3-AJ3-AK3-AL3 -> 104 | AN3: =B3*C3*D3*AM3/1000000000 -> 0.092110267 | AO3: 0.65 | AQ3: =AO3*AM3*34.3391 -> 2321.3232
A4: 22122 | B4: 12.7 | C4: 57.2 | D4: 1219.2 | E4: 120 | F4: TGTM-25003 | G4: 45744 | AM4: =E4-H4-I4-J4-K4-L4-M4-N4-O4-P4-Q4-R4-S4-T4-U4-V4-W4-X4-Y4-Z4-AA4-AB4-AC4-AD4-AE4-AF4-AG4-AH4-AI4-AJ4-AK4-AL4 -> 120 | AN4: =B4*C4*D4*AM4/1000000000 -> 0.10628108 | AO4: 0.647 | AQ4: =AO4*AM4*33.8617 -> 2629.0224
A5: 22123 | B5: 12.7 | C5: 82.55 | D5: 1219.2 | E5: 1092 | F5: SSI-2501 | G5: 46057 | AM5: =E5-H5-I5-J5-K5-L5-M5-N5-O5-P5-Q5-R5-S5-T5-U5-V5-W5-X5-Y5-Z5-AA5-AB5-AC5-AD5-AE5-AF5-AG5-AH5-AI5-AJ5-AK5-AL5 -> 1092 | AN5: =B5*C5*D5*AM5/1000000000 -> 1.3957846 | AP5: 650 | AQ5: =AN5*AP5*31.4666 -> 28548.386
A6: 22123 | B6: 12.7 | C6: 82.55 | D6: 1219.2 | E6: 202 | F6: SSI-2501 | G6: 46057 | AM6: =E6-H6-I6-J6-K6-L6-M6-N6-O6-P6-Q6-R6-S6-T6-U6-V6-W6-X6-Y6-Z6-AA6-AB6-AC6-AD6-AE6-AF6-AG6-AH6-AI6-AJ6-AK6-AL6 -> 202 | AN6: =B6*C6*D6*AM6/1000000000 -> 0.25819458 | AP6: 650 | AQ6: =AN6*AP6*31.4666 -> 5280.9286
A7: 22123 | B7: 12.7 | C7: 82.55 | D7: 1219.2 | E7: 1092 | F7: SSI-2501 | G7: 46057 | AM7: =E7-H7-I7-J7-K7-L7-M7-N7-O7-P7-Q7-R7-S7-T7-U7-V7-W7-X7-Y7-Z7-AA7-AB7-AC7-AD7-AE7-AF7-AG7-AH7-AI7-AJ7-AK7-AL7 -> 1092 | AN7: =B7*C7*D7*AM7/1000000000 -> 1.3957846 | AP7: 650 | AQ7: =AN7*AP7*31.4666 -> 28548.386
A8: 22123 | B8: 12.7 | C8: 82.55 | D8: 1219.2 | E8: 1092 | F8: SSI-2501 | G8: 46057 | AM8: =E8-H8-I8-J8-K8-L8-M8-N8-O8-P8-Q8-R8-S8-T8-U8-V8-W8-X8-Y8-Z8-AA8-AB8-AC8-AD8-AE8-AF8-AG8-AH8-AI8-AJ8-AK8-AL8 -> 1092 | AN8: =B8*C8*D8*AM8/1000000000 -> 1.3957846 | AP8: 650 | AQ8: =AN8*AP8*31.4666 -> 28548.386
A9: 22124 | B9: 12.7 | C9: 107.95 | D9: 1219.2 | E9: 700 | F9: SSI-2501 | G9: 46057 | AG9: 260 | AM9: =E9-H9-I9-J9-K9-L9-M9-N9-O9-P9-Q9-R9-S9-T9-U9-V9-W9-X9-Y9-Z9-AA9-AB9-AC9-AD9-AE9-AF9-AG9-AH9-AI9-AJ9-AK9-AL9 -> 440 | AN9: =B9*C9*D9*AM9/1000000000 -> 0.73545143 | AP9: 650 | AQ9: =AN9*AP9*31.4666 -> 15042.401
A10: 22124 | B10: 12.7 | C10: 108 | D10: 1219.2 | E10: 315 | F10: TGTM-25001 | G10: 45706 | AM10: =E10-H10-I10-J10-K10-L10-M10-N10-O10-P10-Q10-R10-S10-T10-U10-V10-W10-X10-Y10-Z10-AA10-AB10-AC10-AD10-AE10-AF10-AG10-AH10-AI10-AJ10-AK10-AL10 -> 315 | AN10: =B10*C10*D10*AM10/1000000000 -> 0.52676024 | AO10: 1.22 | AQ10: =AO10*AM10*34.3391 -> 13196.516
A11: 22124 | B11: 12.7 | C11: 108 | D11: 1219.2 | E11: 350 | F11: TGTM-25003 | G11: 45744 | AM11: =E11-H11-I11-J11-K11-L11-M11-N11-O11-P11-Q11-R11-S11-T11-U11-V11-W11-X11-Y11-Z11-AA11-AB11-AC11-AD11-AE11-AF11-AG11-AH11-AI11-AJ11-AK11-AL11 -> 350 | AN11: =B11*C11*D11*AM11/1000000000 -> 0.58528915 | AO11: 1.221 | AQ11: =AO11*AM11*33.8617 -> 14470.797
A12: 22125 | B12: 12.7 | C12: 158.75 | D12: 1219.2 | E12: 550 | F12: SSI-2501 | G12: 46057 | AM12: =E12-H12-I12-J12-K12-L12-M12-N12-O12-P12-Q12-R12-S12-T12-U12-V12-W12-X12-Y12-Z12-AA12-AB12-AC12-AD12-AE12-AF12-AG12-AH12-AI12-AJ12-AK12-AL12 -> 550 | AN12: =B12*C12*D12*AM12/1000000000 -> 1.3519328 | AP12: 650 | AQ12: =AN12*AP12*31.4666 -> 27651.473
A13: 22125 | B13: 12.7 | C13: 158.75 | D13: 1219.2 | E13: 410 | F13: SSI-2501 | G13: 46057 | AM13: =E13-H13-I13-J13-K13-L13-M13-N13-O13-P13-Q13-R13-S13-T13-U13-V13-W13-X13-Y13-Z13-AA13-AB13-AC13-AD13-AE13-AF13-AG13-AH13-AI13-AJ13-AK13-AL13 -> 410 | AN13: =B13*C13*D13*AM13/1000000000 -> 1.0078044 | AP13: 650 | AQ13: =AN13*AP13*31.4666 -> 20612.916
A14: 22126 | B14: 12.7 | C14: 209.55 | D14: 1219.2 | E14: 14 | F14: SSI-2501 | G14: 46057 | AM14: =E14-H14-I14-J14-K14-L14-M14-N14-O14-P14-Q14-R14-S14-T14-U14-V14-W14-X14-Y14-Z14-AA14-AB14-AC14-AD14-AE14-AF14-AG14-AH14-AI14-AJ14-AK14-AL14 -> 14 | AN14: =B14*C14*D14*AM14/1000000000 -> 0.045424941 | AP14: 650 | AQ14: =AN14*AP14*31.4666 -> 929.0895
A15: 22126 | B15: 12.7 | C15: 209.55 | D15: 1219.2 | E15: 445 | F15: SSI-2501 | G15: 46057 | AM15: =E15-H15-I15-J15-K15-L15-M15-N15-O15-P15-Q15-R15-S15-T15-U15-V15-W15-X15-Y15-Z15-AA15-AB15-AC15-AD15-AE15-AF15-AG15-AH15-AI15-AJ15-AK15-AL15 -> 445 | AN15: =B15*C15*D15*AM15/1000000000 -> 1.4438642 | AP15: 650 | AQ15: =AN15*AP15*31.4666 -> 29531.773
A16: 22126 | B16: 12.7 | C16: 209.55 | D16: 1219.2 | E16: 445 | F16: SSI-2501 | G16: 46057 | AM16: =E16-H16-I16-J16-K16-L16-M16-N16-O16-P16-Q16-R16-S16-T16-U16-V16-W16-X16-Y16-Z16-AA16-AB16-AC16-AD16-AE16-AF16-AG16-AH16-AI16-AJ16-AK16-AL16 -> 445 | AN16: =B16*C16*D16*AM16/1000000000 -> 1.4438642 | AP16: 650 | AQ16: =AN16*AP16*31.4666 -> 29531.773
A17: 22126 | B17: 12.7 | C17: 209.55 | D17: 1219.2 | E17: 327 | F17: SSI-2501 | G17: 46057 | AM17: =E17-H17-I17-J17-K17-L17-M17-N17-O17-P17-Q17-R17-S17-T17-U17-V17-W17-X17-Y17-Z17-AA17-AB17-AC17-AD17-AE17-AF17-AG17-AH17-AI17-AJ17-AK17-AL17 -> 327 | AN17: =B17*C17*D17*AM17/1000000000 -> 1.0609968 | AP17: 650 | AQ17: =AN17*AP17*31.4666 -> 21700.876
A18: 22126 | B18: 12.7 | C18: 209.55 | D18: 1219.2 | E18: 327 | F18: SSI-2501 | G18: 46057 | AM18: =E18-H18-I18-J18-K18-L18-M18-N18-O18-P18-Q18-R18-S18-T18-U18-V18-W18-X18-Y18-Z18-AA18-AB18-AC18-AD18-AE18-AF18-AG18-AH18-AI18-AJ18-AK18-AL18 -> 327 | AN18: =B18*C18*D18*AM18/1000000000 -> 1.0609968 | AP18: 650 | AQ18: =AN18*AP18*31.4666 -> 21700.876
A19: 22126 | B19: 12.7 | C19: 209.55 | D19: 1219.2 | E19: 327 | F19: SSI-2501 | G19: 46057 | AM19: =E19-H19-I19-J19-K19-L19-M19-N19-O19-P19-Q19-R19-S19-T19-U19-V19-W19-X19-Y19-Z19-AA19-AB19-AC19-AD19-AE19-AF19-AG19-AH19-AI19-AJ19-AK19-AL19 -> 327 | AN19: =B19*C19*D19*AM19/1000000000 -> 1.0609968 | AP19: 650 | AQ19: =AN19*AP19*31.4666 -> 21700.876
A20: 22126 | B20: 12.7 | C20: 209.55 | D20: 1219.2 | E20: 327 | F20: SSI-2501 | G20: 46057 | AM20: =E20-H20-I20-J20-K20-L20-M20-N20-O20-P20-Q20-R20-S20-T20-U20-V20-W20-X20-Y20-Z20-AA20-AB20-AC20-AD20-AE20-AF20-AG20-AH20-AI20-AJ20-AK20-AL20 -> 327 | AN20: =B20*C20*D20*AM20/1000000000 -> 1.0609968 | AP20: 650 | AQ20: =AN20*AP20*31.4666 -> 21700.876
A21: 22126 | B21: 12.7 | C21: 209.55 | D21: 1219.2 | E21: 166 | F21: SSI-2501 | G21: 46057 | AM21: =E21-H21-I21-J21-K21-L21-M21-N21-O21-P21-Q21-R21-S21-T21-U21-V21-W21-X21-Y21-Z21-AA21-AB21-AC21-AD21-AE21-AF21-AG21-AH21-AI21-AJ21-AK21-AL21 -> 166 | AN21: =B21*C21*D21*AM21/1000000000 -> 0.53861002 | AP21: 650 | AQ21: =AN21*AP21*31.4666 -> 11016.347
A22: 22126 | B22: 12.7 | C22: 209.55 | D22: 1219.2 | E22: 166 | F22: SSI-2501 | G22: 46057 | AM22: =E22-H22-I22-J22-K22-L22-M22-N22-O22-P22-Q22-R22-S22-T22-U22-V22-W22-X22-Y22-Z22-AA22-AB22-AC22-AD22-AE22-AF22-AG22-AH22-AI22-AJ22-AK22-AL22 -> 166 | AN22: =B22*C22*D22*AM22/1000000000 -> 0.53861002 | AP22: 650 | AQ22: =AN22*AP22*31.4666 -> 11016.347
A23: 22126 | B23: 12.7 | C23: 209.55 | D23: 1219.2 | E23: 166 | F23: SSI-2501 | G23: 46057 | AM23: =E23-H23-I23-J23-K23-L23-M23-N23-O23-P23-Q23-R23-S23-T23-U23-V23-W23-X23-Y23-Z23-AA23-AB23-AC23-AD23-AE23-AF23-AG23-AH23-AI23-AJ23-AK23-AL23 -> 166 | AN23: =B23*C23*D23*AM23/1000000000 -> 0.53861002 | AP23: 650 | AQ23: =AN23*AP23*31.4666 -> 11016.347
... A26: 22126 | B26: 12.7 | C26: 209.55 | D26: 1219.2 | E26: 332 | F26: SSI-2502 | G26: 46057 | AM26: =E26-H26-I26-J26-K26-L26-M26-N26-O26-P26-Q26-R26-S26-T26-U26-V26-W26-X26-Y26-Z26-AA26-AB26-AC26-AD26-AE26-AF26-AG26-AH26-AI26-AJ26-AK26-AL26 -> 332 | AN26: =B26*C26*D26*AM26/1000000000 -> 1.07722 | AP26: 650 | AQ26: =AN26*AP26*31.4666 -> 22032.694
A27: 22128 | B27: 12.7 | C27: 1100 | D27: 450.85 | E27: 172 | F27: JTM-2503 | G27: 45846 | W27: 82 | AM27: =E27-H27-I27-J27-K27-L27-M27-N27-O27-P27-Q27-R27-S27-T27-U27-V27-W27-X27-Y27-Z27-AA27-AB27-AC27-AD27-AE27-AF27-AG27-AH27-AI27-AJ27-AK27-AL27 -> 90 | AN27: =B27*C27*D27*AM27/1000000000 -> 0.5668537 | AP27: 630 | AQ27: =AN27*AP27*33.162 -> 11842.742
A28: 22128 | B28: 12.7 | C28: 1100 | D28: 450.85 | E28: 108 | F28: JTM-2503 | G28: 45846 | AM28: =E28-H28-I28-J28-K28-L28-M28-N28-O28-P28-Q28-R28-S28-T28-U28-V28-W28-X28-Y28-Z28-AA28-AB28-AC28-AD28-AE28-AF28-AG28-AH28-AI28-AJ28-AK28-AL28 -> 108 | AN28: =B28*C28*D28*AM28/1000000000 -> 0.68022445 | AP28: 630 | AQ28: =AN28*AP28*33.162 -> 14211.29
A29: 22131 | B29: 12.7 | C29: 209.6 | D29: 450.9 | E29: 500 | F29: TGTM-25003 | G29: 45744 | AM29: =E29-H29-I29-J29-K29-L29-M29-N29-O29-P29-Q29-R29-S29-T29-U29-V29-W29-X29-Y29-Z29-AA29-AB29-AC29-AD29-AE29-AF29-AG29-AH29-AI29-AJ29-AK29-AL29 -> 500 | AN29: =B29*C29*D29*AM29/1000000000 -> 0.60012986 | AO29: 0.876 | AQ29: =AO29*AM29*33.8617 -> 14831.425
A30: 22131 | B30: 12.7 | C30: 209.6 | D30: 450.9 | E30: 500 | F30: TGTM-25003 | G30: 45744 | AM30: =E30-H30-I30-J30-K30-L30-M30-N30-O30-P30-Q30-R30-S30-T30-U30-V30-W30-X30-Y30-Z30-AA30-AB30-AC30-AD30-AE30-AF30-AG30-AH30-AI30-AJ30-AK30-AL30 -> 500 | AN30: =B30*C30*D30*AM30/1000000000 -> 0.60012986 | AO30: 0.876 | AQ30: =AO30*AM30*33.8617 -> 14831.425
A31: 22133 | B31: 12.7 | C31: 108 | D31: 527.1 | E31: 750 | F31: TGTM-25003 | G31: 45744 | AM31: =E31-H31-I31-J31-K31-L31-M31-N31-O31-P31-Q31-R31-S31-T31-U31-V31-W31-X31-Y31-Z31-AA31-AB31-AC31-AD31-AE31-AF31-AG31-AH31-AI31-AJ31-AK31-AL31 -> 750 | AN31: =B31*C31*D31*AM31/1000000000 -> 0.54222777 | AO31: 0.528 | AQ31: =AO31*AM31*33.8617 -> 13409.233
A32: 22134 | B32: 12.7 | C32: 158.8 | D32: 527.1 | E32: 480 | F32: TGTM-25001 | G32: 45706 | AM32: =E32-H32-I32-J32-K32-L32-M32-N32-O32-P32-Q32-R32-S32-T32-U32-V32-W32-X32-Y32-Z32-AA32-AB32-AC32-AD32-AE32-AF32-AG32-AH32-AI32-AJ32-AK32-AL32 -> 480 | AN32: =B32*C32*D32*AM32/1000000000 -> 0.51025641 | AO32: 0.78 | AQ32: =AO32*AM32*34.3391 -> 12856.559
A33: 22135 | B33: 12.7 | C33: 1100 | D33: 527.05 | E33: 78 | F33: JTM-2503 | G33: 45846 | W33: 10 | AM33: =E33-H33-I33-J33-K33-L33-M33-N33-O33-P33-Q33-R33-S33-T33-U33-V33-W33-X33-Y33-Z33-AA33-AB33-AC33-AD33-AE33-AF33-AG33-AH33-AI33-AJ33-AK33-AL33 -> 68 | AN33: =B33*C33*D33*AM33/1000000000 -> 0.50067642 | AP33: 630 | AQ33: =AN33*AP33*33.162 -> 10460.162
A34: 6028573 | B34: 15.9 | C34: 76.2 | D34: 762 | E34: 560 | F34: TGTM-24002 | G34: 45681 | W34: 480 | AM34: =E34-H34-I34-J34-K34-L34-M34-N34-O34-P34-Q34-R34-S34-T34-U34-V34-W34-X34-Y34-Z34-AA34-AB34-AC34-AD34-AE34-AF34-AG34-AH34-AI34-AJ34-AK34-AL34 -> 80 | AN34: =B34*C34*D34*AM34/1000000000 -> 0.073857917 | AO34: 0.69 | AQ34: =AO34*AM34*34.5438 -> 1906.8178
A35: 6028606 | B35: 15.9 | C35: 101.6 | D35: 762 | E35: 400 | F35: TGTM-24002 | G35: 45681 | AM35: =E35-H35-I35-J35-K35-L35-M35-N35-O35-P35-Q35-R35-S35-T35-U35-V35-W35-X35-Y35-Z35-AA35-AB35-AC35-AD35-AE35-AF35-AG35-AH35-AI35-AJ35-AK35-AL35 -> 400 | AN35: =B35*C35*D35*AM35/1000000000 -> 0.49238611 | AO35: 0.92 | AQ35: =AO35*AM35*34.5438 -> 12712.118
A36: 6028606 | B36: 15.9 | C36: 101.6 | D36: 762 | E36: 400 | F36: TGTM-24002 | G36: 45681 | AM36: =E36-H36-I36-J36-K36-L36-M36-N36-O36-P36-Q36-R36-S36-T36-U36-V36-W36-X36-Y36-Z36-AA36-AB36-AC36-AD36-AE36-AF36-AG36-AH36-AI36-AJ36-AK36-AL36 -> 400 | AN36: =B36*C36*D36*AM36/1000000000 -> 0.49238611 | AO36: 0.92 | AQ36: =AO36*AM36*34.5438 -> 12712.118
A37: 6028606 | B37: 15.9 | C37: 101.6 | D37: 762 | E37: 400 | F37: TGTM-24002 | G37: 45681 | AM37: =E37-H37-I37-J37-K37-L37-M37-N37-O37-P37-Q37-R37-S37-T37-U37-V37-W37-X37-Y37-Z37-AA37-AB37-AC37-AD37-AE37-AF37-AG37-AH37-AI37-AJ37-AK37-AL37 -> 400 | AN37: =B37*C37*D37*AM37/1000000000 -> 0.49238611 | AO37: 0.92 | AQ37: =AO37*AM37*34.5438 -> 12712.118
A38: 6028606 | B38: 15.9 | C38: 101.6 | D38: 762 | E38: 400 | F38: TGTM-24002 | G38: 45681 | AM38: =E38-H38-I38-J38-K38-L38-M38-N38-O38-P38-Q38-R38-S38-T38-U38-V38-W38-X38-Y38-Z38-AA38-AB38-AC38-AD38-AE38-AF38-AG38-AH38-AI38-AJ38-AK38-AL38 -> 400 | AN38: =B38*C38*D38*AM38/1000000000 -> 0.49238611 | AO38: 0.92 | AQ38: =AO38*AM38*34.5438 -> 12712.118
A39: 6028622 | B39: 15.9 | C39: 101.6 | D39: 939.8 | E39: 240 | F39: TGTM-24002 | G39: 45681 | AM39: =E39-H39-I39-J39-K39-L39-M39-N39-O39-P39-Q39-R39-S39-T39-U39-V39-W39-X39-Y39-Z39-AA39-AB39-AC39-AD39-AE39-AF39-AG39-AH39-AI39-AJ39-AK39-AL39 -> 240 | AN39: =B39*C39*D39*AM39/1000000000 -> 0.36436572 | AO39: 1.14 | AQ39: =AO39*AM39*34.5438 -> 9451.1837
A40: 6028633 | B40: 15.9 | C40: 177.8 | D40: 939.8 | E40: 104 | F40: JTM-2504 | G40: 45888 | AM40: =E40-H40-I40-J40-K40-L40-M40-N40-O40-P40-Q40-R40-S40-T40-U40-V40-W40-X40-Y40-Z40-AA40-AB40-AC40-AD40-AE40-AF40-AG40-AH40-AI40-AJ40-AK40-AL40 -> 104 | AN40: =B40*C40*D40*AM40/1000000000 -> 0.27631067 | AP40: 735 | AQ40: =AN40*AP40*32.4608 -> 6592.4101
A41: 6028676 | B41: 15.9 | C41: 254 | D41: 762 | E41: 160 | F41: TGTM-24002 | G41: 45681 | AM41: =E41-H41-I41-J41-K41-L41-M41-N41-O41-P41-Q41-R41-S41-T41-U41-V41-W41-X41-Y41-Z41-AA41-AB41-AC41-AD41-AE41-AF41-AG41-AH41-AI41-AJ41-AK41-AL41 -> 160 | AN41: =B41*C41*D41*AM41/1000000000 -> 0.49238611 | AO41: 2.31 | AQ41: =AO41*AM41*34.5438 -> 12767.388
A42: 6028676 | B42: 15.9 | C42: 254 | D42: 762 | E42: 160 | F42: TGTM-24002 | G42: 45681 | AM42: =E42-H42-I42-J42-K42-L42-M42-N42-O42-P42-Q42-R42-S42-T42-U42-V42-W42-X42-Y42-Z42-AA42-AB42-AC42-AD42-AE42-AF42-AG42-AH42-AI42-AJ42-AK42-AL42 -> 160 | AN42: =B42*C42*D42*AM42/1000000000 -> 0.49238611 | AO42: 2.31 | AQ42: =AO42*AM42*34.5438 -> 12767.388
A43: 6028676 | B43: 15.9 | C43: 254 | D43: 762 | E43: 160 | F43: TGTM-24002 | G43: 45681 | AM43: =E43-H43-I43-J43-K43-L43-M43-N43-O43-P43-Q43-R43-S43-T43-U43-V43-W43-X43-Y43-Z43-AA43-AB43-AC43-AD43-AE43-AF43-AG43-AH43-AI43-AJ43-AK43-AL43 -> 160 | AN43: =B43*C43*D43*AM43/1000000000 -> 0.49238611 | AO43: 2.31 | AQ43: =AO43*AM43*34.5438 -> 12767.388
A44: 6028676 | B44: 15.9 | C44: 254 | D44: 762 | E44: 160 | F44: TGTM-24002 | G44: 45681 | AM44: =E44-H44-I44-J44-K44-L44-M44-N44-O44-P44-Q44-R44-S44-T44-U44-V44-W44-X44-Y44-Z44-AA44-AB44-AC44-AD44-AE44-AF44-AG44-AH44-AI44-AJ44-AK44-AL44 -> 160 | AN44: =B44*C44*D44*AM44/1000000000 -> 0.49238611 | AO44: 2.31 | AQ44: =AO44*AM44*34.5438 -> 12767.388
A45: 6028676 | B45: 15.9 | C45: 254 | D45: 762 | E45: 308 | F45: JTM-2504 | G45: 45888 | AM45: =E45-H45-I45-J45-K45-L45-M45-N45-O45-P45-Q45-R45-S45-T45-U45-V45-W45-X45-Y45-Z45-AA45-AB45-AC45-AD45-AE45-AF45-AG45-AH45-AI45-AJ45-AK45-AL45 -> 308 | AN45: =B45*C45*D45*AM45/1000000000 -> 0.94784327 | AP45: 735 | AQ45: =AN45*AP45*32.4608 -> 22614.297
A46: 6028676 | B46: 15.9 | C46: 254 | D46: 762 | E46: 12 | F46: JTM-2504 | G46: 45888 | AM46: =E46-H46-I46-J46-K46-L46-M46-N46-O46-P46-Q46-R46-S46-T46-U46-V46-W46-X46-Y46-Z46-AA46-AB46-AC46-AD46-AE46-AF46-AG46-AH46-AI46-AJ46-AK46-AL46 -> 12 | AN46: =B46*C46*D46*AM46/1000000000 -> 0.036928958 | AP46: 735 | AQ46: =AN46*AP46*32.4608 -> 881.0765
A47: 6062020 | B47: 15.9 | C47: 101.6 | D47: 444.5 | E47: 640 | F47: TGTM-24002 | G47: 45681 | H47: 610 | AM47: =E47-H47-I47-J47-K47-L47-M47-N47-O47-P47-Q47-R47-S47-T47-U47-V47-W47-X47-Y47-Z47-AA47-AB47-AC47-AD47-AE47-AF47-AG47-AH47-AI47-AJ47-AK47-AL47 -> 30 | AN47: =B47*C47*D47*AM47/1000000000 -> 0.021541892 | AO47: 0.54 | AQ47: =AO47*AM47*34.5438 -> 559.60956
A48: 6062034 | B48: 15.9 | C48: 177.8 | D48: 520.7 | E48: 320 | F48: TGTM-24002 | G48: 45681 | AM48: =E48-H48-I48-J48-K48-L48-M48-N48-O48-P48-Q48-R48-S48-T48-U48-V48-W48-X48-Y48-Z48-AA48-AB48-AC48-AD48-AE48-AF48-AG48-AH48-AI48-AJ48-AK48-AL48 -> 320 | AN48: =B48*C48*D48*AM48/1000000000 -> 0.47104938 | AO48: 1.1 | AQ48: =AO48*AM48*34.5438 -> 12159.418
A49: 6062044 | B49: 15.9 | C49: 254 | D49: 520.7 | E49: 240 | F49: TGTM-24002 | G49: 45681 | AM49: =E49-H49-I49-J49-K49-L49-M49-N49-O49-P49-Q49-R49-S49-T49-U49-V49-W49-X49-Y49-Z49-AA49-AB49-AC49-AD49-AE49-AF49-AG49-AH49-AI49-AJ49-AK49-AL49 -> 240 | AN49: =B49*C49*D49*AM49/1000000000 -> 0.50469576 | AO49: 1.58 | AQ49: =AO49*AM49*34.5438 -> 13099.009
A50: 099.2005 | B50: 15.9 | C50: 1100 | D50: 620 | E50: 6 | F50: JTM-2501 | G50: 45828 | AM50: =E50-H50-I50-J50-K50-L50-M50-N50-O50-P50-Q50-R50-S50-T50-U50-V50-W50-X50-Y50-Z50-AA50-AB50-AC50-AD50-AE50-AF50-AG50-AH50-AI50-AJ50-AK50-AL50 -> 6 | AN50: =B50*C50*D50*AM50/1000000000 -> 0.0650628 | AP50: 680 | AQ50: =AP50*AN50*33.162 -> 1467.1766
A51: 099.2035 | B51: 15.9 | C51: 1100 | D51: 647.7 | E51: 14 | F51: JTM-2502 | G51: 45846 | AM51: =E51-H51-I51-J51-K51-L51-M51-N51-O51-P51-Q51-R51-S51-T51-U51-V51-W51-X51-Y51-Z51-AA51-AB51-AC51-AD51-AE51-AF51-AG51-AH51-AI51-AJ51-AK51-AL51 -> 14 | AN51: =B51*C51*D51*AM51/1000000000 -> 0.15859582 | AP51: 680 | AQ51: =AN51*AP51*33.162 -> 3576.3612
A52: 099.2035 | B52: 15.9 | C52: 1100 | D52: 647.7 | E52: 95 | F52: JTM-2502 | G52: 45846 | AM52: =E52-H52-I52-J52-K52-L52-M52-N52-O52-P52-Q52-R52-S52-T52-U52-V52-W52-X52-Y52-Z52-AA52-AB52-AC52-AD52-AE52-AF52-AG52-AH52-AI52-AJ52-AK52-AL52 -> 95 | AN52: =B52*C52*D52*AM52/1000000000 -> 1.0761859 | AP52: 680 | AQ52: =AN52*AP52*33.162 -> 24268.165
A53: 099.2035 | B53: 15.9 | C53: 1100 | D53: 647.7 | E53: 6 | F53: JTM-2502 | G53: 45846 | AM53: =E53-H53-I53-J53-K53-L53-M53-N53-O53-P53-Q53-R53-S53-T53-U53-V53-W53-X53-Y53-Z53-AA53-AB53-AC53-AD53-AE53-AF53-AG53-AH53-AI53-AJ53-AK53-AL53 -> 6 | AN53: =B53*C53*D53*AM53/1000000000 -> 0.067969638 | AP53: 680 | AQ53: =AN53*AP53*33.162 -> 1532.7262
A54: 099.2050 | B54: 15.9 | C54: 1100 | D54: 294.8 | E54: 25 | F54: JTM-2502 | G54: 45846 | Y54: 4 | AM54: =E54-H54-I54-J54-K54-L54-M54-N54-O54-P54-Q54-R54-S54-T54-U54-V54-W54-X54-Y54-Z54-AA54-AB54-AC54-AD54-AE54-AF54-AG54-AH54-AI54-AJ54-AK54-AL54 -> 21 | AN54: =B54*C54*D54*AM54/1000000000 -> 0.10827709 | AP54: 680 | AQ54: =AN54*AP54*33.162 -> 2441.6657
A55: 099.2060 | B55: 15.9 | C55: 1100 | D55: 620 | E55: 56 | F55: JTM-2502 | G55: 45846 | X55: 19 | AM55: =E55-H55-I55-J55-K55-L55-M55-N55-O55-P55-Q55-R55-S55-T55-U55-V55-W55-X55-Y55-Z55-AA55-AB55-AC55-AD55-AE55-AF55-AG55-AH55-AI55-AJ55-AK55-AL55 -> 37 | AN55: =B55*C55*D55*AM55/1000000000 -> 0.4012206 | AP55: 680 | AQ55: =AN55*AP55*33.162 -> 9047.5887
A56: 099.2066 | B56: 15.9 | C56: 203 | D56: 447.2 | E56: 350 | F56: TGTM-25002 | G56: 45723 | AI56: 304 | AM56: =E56-H56-I56-J56-K56-L56-M56-N56-O56-P56-Q56-R56-S56-T56-U56-V56-W56-X56-Y56-Z56-AA56-AB56-AC56-AD56-AE56-AF56-AG56-AH56-AI56-AJ56-AK56-AL56 -> 46 | AN56: =B56*C56*D56*AM56/1000000000 -> 0.066397662 | AO56: 1.08 | AQ56: =AO56*AM56*34.3391 -> 1705.9665
A57: 099.2069 | B57: 15.9 | C57: 1100 | D57: 752 | E57: 71 | F57: JTM-2502 | G57: 45846 | AM57: =E57-H57-I57-J57-K57-L57-M57-N57-O57-P57-Q57-R57-S57-T57-U57-V57-W57-X57-Y57-Z57-AA57-AB57-AC57-AD57-AE57-AF57-AG57-AH57-AI57-AJ57-AK57-AL57 -> 71 | AN57: =B57*C57*D57*AM57/1000000000 -> 0.93382608 | AP57: 680 | AQ57: =AN57*AP57*33.162 -> 21057.928
A58: 099.2069 | B58: 15.9 | C58: 1100 | D58: 752 | E58: 8 | F58: JTM-2502 | G58: 45846 | AM58: =E58-H58-I58-J58-K58-L58-M58-N58-O58-P58-Q58-R58-S58-T58-U58-V58-W58-X58-Y58-Z58-AA58-AB58-AC58-AD58-AE58-AF58-AG58-AH58-AI58-AJ58-AK58-AL58 -> 8 | AN58: =B58*C58*D58*AM58/1000000000 -> 0.10521984 | AP58: 680 | AQ58: =AN58*AP58*33.162 -> 2372.7242
A59: 099.2270 | B59: 15.9 | C59: 1100 | D59: 570 | E59: 15 | F59: JTM-2501 | G59: 45828 | AM59: =E59-H59-I59-J59-K59-L59-M59-N59-O59-P59-Q59-R59-S59-T59-U59-V59-W59-X59-Y59-Z59-AA59-AB59-AC59-AD59-AE59-AF59-AG59-AH59-AI59-AJ59-AK59-AL59 -> 15 | AN59: =B59*C59*D59*AM59/1000000000 -> 0.1495395 | AP59: 680 | AQ59: =AP59*AN59*33.162 -> 3372.1397
A60: 099.2270 | B60: 15.9 | C60: 1100 | D60: 570 | E60: 15 | F60: JTM-2501 | G60: 45828 | AM60: =E60-H60-I60-J60-K60-L60-M60-N60-O60-P60-Q60-R60-S60-T60-U60-V60-W60-X60-Y60-Z60-AA60-AB60-AC60-AD60-AE60-AF60-AG60-AH60-AI60-AJ60-AK60-AL60 -> 15 | AN60: =B60*C60*D60*AM60/1000000000 -> 0.1495395 | AP60: 680 | AQ60: =AP60*AN60*33.162 -> 3372.1397
A61: BE-00450x60 | B61: 15.875 | C61: 1100 | D61: 1524 | E61: 11 | F61: SSI-2502 | G61: 46057 | AM61: =E61-H61-I61-J61-K61-L61-M61-N61-O61-P61-Q61-R61-S61-T61-U61-V61-W61-X61-Y61-Z61-AA61-AB61-AC61-AD61-AE61-AF61-AG61-AH61-AI61-AJ61-AK61-AL61 -> 11 | AN61: =B61*C61*D61*AM61/1000000000 -> 0.29274135 | AP61: 850 | AQ61: =AN61*AP61*31.4666 -> 7829.8387
A62: BE-00600x60 | B62: 15.875 | C62: 152.4 | D62: 1524 | E62: 497 | F62: SSI-2502 | G62: 46057 | AM62: =E62-H62-I62-J62-K62-L62-M62-N62-O62-P62-Q62-R62-S62-T62-U62-V62-W62-X62-Y62-Z62-AA62-AB62-AC62-AD62-AE62-AF62-AG62-AH62-AI62-AJ62-AK62-AL62 -> 497 | AN62: =B62*C62*D62*AM62/1000000000 -> 1.8324834 | AP62: 850 | AQ62: =AN62*AP62*31.4666 -> 49012.72
A63: BE-1100x1524 | B63: 15.875 | C63: 1100 | D63: 1524 | E63: 60 | F63: SSI-2502 | G63: 46057 | R63: 42 | AM63: =E63-H63-I63-J63-K63-L63-M63-N63-O63-P63-Q63-R63-S63-T63-U63-V63-W63-X63-Y63-Z63-AA63-AB63-AC63-AD63-AE63-AF63-AG63-AH63-AI63-AJ63-AK63-AL63 -> 18 | AN63: =B63*C63*D63*AM63/1000000000 -> 0.4790313 | AP63: 850 | AQ63: =AN63*AP63*31.4666 -> 12812.463
A64: BIRCH WOOD | B64: 9 | C64: 78.8 | D64: 216.6 | E64: 560 | F64: TM202508-SN01 | G64: 45962 | AM64: =E64-H64-I64-J64-K64-L64-M64-N64-O64-P64-Q64-R64-S64-T64-U64-V64-W64-X64-Y64-Z64-AA64-AB64-AC64-AD64-AE64-AF64-AG64-AH64-AI64-AJ64-AK64-AL64 -> 560 | AN64: =B64*C64*D64*AM64/1000000000 -> 0.086023123 | AP64: 996.7454 | AQ64: =AP64*AN64*31.9788 -> 2741.9631
A65: BIRCH WOOD | B65: 13 | C65: 86.12 | D65: 216.6 | E65: 400 | F65: TM202508-SN01 | G65: 45962 | AM65: =E65-H65-I65-J65-K65-L65-M65-N65-O65-P65-Q65-R65-S65-T65-U65-V65-W65-X65-Y65-Z65-AA65-AB65-AC65-AD65-AE65-AF65-AG65-AH65-AI65-AJ65-AK65-AL65 -> 400 | AN65: =B65*C65*D65*AM65/1000000000 -> 0.096998678 | AP65: 996.7454 | AQ65: =AP65*AN65*31.9788 -> 3091.8059
A66: BIRCH WOOD | B66: 79.8 | C66: 9 | D66: 292.8 | E66: 580 | F66: TM202511-SN01 | G66: 46044 | AM66: =E66-H66-I66-J66-K66-L66-M66-N66-O66-P66-Q66-R66-S66-T66-U66-V66-W66-X66-Y66-Z66-AA66-AB66-AC66-AD66-AE66-AF66-AG66-AH66-AI66-AJ66-AK66-AL66 -> 580 | AN66: =B66*C66*D66*AM66/1000000000 -> 0.1219676 | AP66: 1010 | AQ66: =AN66*AP66*31.4666 -> 3876.2846
A67: BIRCH WOOD | B67: 86.12 | C67: 13 | D67: 292.8 | E67: 400 | F67: TM202511-SN01 | G67: 46044 | AM67: =E67-H67-I67-J67-K67-L67-M67-N67-O67-P67-Q67-R67-S67-T67-U67-V67-W67-X67-Y67-Z67-AA67-AB67-AC67-AD67-AE67-AF67-AG67-AH67-AI67-AJ67-AK67-AL67 -> 400 | AN67: =B67*C67*D67*AM67/1000000000 -> 0.13112287 | AP67: 1010 | AQ67: =AN67*AP67*31.4666 -> 4167.2507
A68: BIRCH WOOD | B68: 9 | C68: 78.8 | D68: 292.8 | E68: 600 | F68: TM202508-SN01 | G68: 45962 | AG68: 40 | AH68: 120 | AM68: =E68-H68-I68-J68-K68-L68-M68-N68-O68-P68-Q68-R68-S68-T68-U68-V68-W68-X68-Y68-Z68-AA68-AB68-AC68-AD68-AE68-AF68-AG68-AH68-AI68-AJ68-AK68-AL68 -> 440 | AN68: =B68*C68*D68*AM68/1000000000 -> 0.091367654 | AP68: 996.7454 | AQ68: =AP68*AN68*31.9788 -> 2912.3186
A69: BIRCH WOOD | B69: 13 | C69: 86.12 | D69: 292.8 | E69: 400 | F69: TM202508-SN01 | G69: 45962 | X69: 359 | AM69: =E69-H69-I69-J69-K69-L69-M69-N69-O69-P69-Q69-R69-S69-T69-U69-V69-W69-X69-Y69-Z69-AA69-AB69-AC69-AD69-AE69-AF69-AG69-AH69-AI69-AJ69-AK69-AL69 -> 41 | AN69: =B69*C69*D69*AM69/1000000000 -> 0.013440094 | AP69: 996.7454 | AQ69: =AP69*AN69*31.9788 -> 428.39925
A70: BIRCH WOOD | B70: 12.2 | C70: 31.75 | D70: 330 | E70: 4206 | F70: TM017/TM018/TM019 | G70: 45846 | Q70: 1941 | R70: 2032 | AM70: =E70-H70-I70-J70-K70-L70-M70-N70-O70-P70-Q70-R70-S70-T70-U70-V70-W70-X70-Y70-Z70-AA70-AB70-AC70-AD70-AE70-AF70-AG70-AH70-AI70-AJ70-AK70-AL70 -> 233 | AN70: =B70*C70*D70*AM70/1000000000 -> 0.029783341 | AP70: 974.2285 | AQ70: =AN70*AP70*32.8864 -> 954.22455
A71: BIRCH WOOD | B71: 12.2 | C71: 31.75 | D71: 330 | E71: 6500 | F71: TM202604-SN02 | G71: 46178 | AM71: =E71-H71-I71-J71-K71-L71-M71-N71-O71-P71-Q71-R71-S71-T71-U71-V71-W71-X71-Y71-Z71-AA71-AB71-AC71-AD71-AE71-AF71-AG71-AH71-AI71-AJ71-AK71-AL71 -> 6500 | AN71: =B71*C71*D71*AM71/1000000000 -> 0.83086575 | AP71: 1010 | AQ71: =AN71*AP71*32.2938 -> 27100.13
A72: BIRCH WOOD | B72: 12.2 | C72: 36 | D72: 330 | E72: 200 | F72: TM202604-SN02 | G72: 46178 | AM72: =E72-H72-I72-J72-K72-L72-M72-N72-O72-P72-Q72-R72-S72-T72-U72-V72-W72-X72-Y72-Z72-AA72-AB72-AC72-AD72-AE72-AF72-AG72-AH72-AI72-AJ72-AK72-AL72 -> 200 | AN72: =B72*C72*D72*AM72/1000000000 -> 0.0289872 | AP72: 1010 | AQ72: =AN72*AP72*32.2938 -> 945.46791
A73: BIRCH WOOD | B73: 12.2 | C73: 36 | D73: 330 | E73: 7300 | F73: TM202604-SN02 | G73: 46178 | AM73: =E73-H73-I73-J73-K73-L73-M73-N73-O73-P73-Q73-R73-S73-T73-U73-V73-W73-X73-Y73-Z73-AA73-AB73-AC73-AD73-AE73-AF73-AG73-AH73-AI73-AJ73-AK73-AL73 -> 7300 | AN73: =B73*C73*D73*AM73/1000000000 -> 1.0580328 | AP73: 1010 | AQ73: =AN73*AP73*32.2938 -> 34509.579
A74: BIRCH WOOD | B74: 12.2 | C74: 41.3 | D74: 330 | E74: 2300 | F74: TM017/TM018/TM019 | G74: 45846 | AM74: =E74-H74-I74-J74-K74-L74-M74-N74-O74-P74-Q74-R74-S74-T74-U74-V74-W74-X74-Y74-Z74-AA74-AB74-AC74-AD74-AE74-AF74-AG74-AH74-AI74-AJ74-AK74-AL74 -> 2300 | AN74: =B74*C74*D74*AM74/1000000000 -> 0.38242974 | AP74: 974.2285 | AQ74: =AN74*AP74*32.8864 -> 12252.616
A75: BIRCH WOOD | B75: 13 | C75: 41.3 | D75: 330 | E75: 2200 | F75: TM202508-SN01 | G75: 45962 | AM75: =E75-H75-I75-J75-K75-L75-M75-N75-O75-P75-Q75-R75-S75-T75-U75-V75-W75-X75-Y75-Z75-AA75-AB75-AC75-AD75-AE75-AF75-AG75-AH75-AI75-AJ75-AK75-AL75 -> 2200 | AN75: =B75*C75*D75*AM75/1000000000 -> 0.3897894 | AP75: 996.7454 | AQ75: =AP75*AN75*31.9788 -> 12424.429
A76: BIRCH WOOD | B76: 9.53 | C76: 63.5 | D76: 350 | E76: 1740 | F76: TM202511-SN01 | G76: 46044 | AM76: =E76-H76-I76-J76-K76-L76-M76-N76-O76-P76-Q76-R76-S76-T76-U76-V76-W76-X76-Y76-Z76-AA76-AB76-AC76-AD76-AE76-AF76-AG76-AH76-AI76-AJ76-AK76-AL76 -> 1740 | AN76: =B76*C76*D76*AM76/1000000000 -> 0.36853939 | AP76: 1010 | AQ76: =AN76*AP76*31.4666 -> 11712.649
A77: BIRCH WOOD | B77: 9.53 | C77: 63.5 | D77: 350 | E77: 5600 | F77: TM202604-SN02 | G77: 46178 | AM77: =E77-H77-I77-J77-K77-L77-M77-N77-O77-P77-Q77-R77-S77-T77-U77-V77-W77-X77-Y77-Z77-AA77-AB77-AC77-AD77-AE77-AF77-AG77-AH77-AI77-AJ77-AK77-AL77 -> 5600 | AN77: =B77*C77*D77*AM77/1000000000 -> 1.1861038 | AP77: 1010 | AQ77: =AN77*AP77*32.2938 -> 38686.837
A78: BIRCH WOOD | B78: 79.8 | C78: 9 | D78: 369 | E78: 400 | F78: TM202511-SN01 | G78: 46044 | AM78: =E78-H78-I78-J78-K78-L78-M78-N78-O78-P78-Q78-R78-S78-T78-U78-V78-W78-X78-Y78-Z78-AA78-AB78-AC78-AD78-AE78-AF78-AG78-AH78-AI78-AJ78-AK78-AL78 -> 400 | AN78: =B78*C78*D78*AM78/1000000000 -> 0.10600632 | AP78: 1010 | AQ78: =AN78*AP78*31.4666 -> 3369.0151
A79: BIRCH WOOD | B79: 86.12 | C79: 13 | D79: 369 | E79: 280 | F79: TM202511-SN01 | G79: 46044 | AM79: =E79-H79-I79-J79-K79-L79-M79-N79-O79-P79-Q79-R79-S79-T79-U79-V79-W79-X79-Y79-Z79-AA79-AB79-AC79-AD79-AE79-AF79-AG79-AH79-AI79-AJ79-AK79-AL79 -> 280 | AN79: =B79*C79*D79*AM79/1000000000 -> 0.11567294 | AP79: 1010 | AQ79: =AN79*AP79*31.4666 -> 3676.2324
A80: BIRCH WOOD | B80: 13 | C80: 86.12 | D80: 369 | E80: 230 | F80: TM202508-SN01 | G80: 45962 | AM80: =E80-H80-I80-J80-K80-L80-M80-N80-O80-P80-Q80-R80-S80-T80-U80-V80-W80-X80-Y80-Z80-AA80-AB80-AC80-AD80-AE80-AF80-AG80-AH80-AI80-AJ80-AK80-AL80 -> 230 | AN80: =B80*C80*D80*AM80/1000000000 -> 0.095017057 | AP80: 996.7454 | AQ80: =AP80*AN80*31.9788 -> 3028.6423
A81: BIRCH WOOD | B81: 20 | C81: 97 | D81: 380 | E81: 200 | F81: TM202511-SN01 | G81: 46044 | AM81: =E81-H81-I81-J81-K81-L81-M81-N81-O81-P81-Q81-R81-S81-T81-U81-V81-W81-X81-Y81-Z81-AA81-AB81-AC81-AD81-AE81-AF81-AG81-AH81-AI81-AJ81-AK81-AL81 -> 200 | AN81: =B81*C81*D81*AM81/1000000000 -> 0.14744 | AP81: 910 | AQ81: =AN81*AP81*31.4666 -> 4221.8863
A82: BIRCH WOOD | B82: 20 | C82: 97 | D82: 380 | E82: 200 | F82: TM202511-SN01 | G82: 46044 | AM82: =E82-H82-I82-J82-K82-L82-M82-N82-O82-P82-Q82-R82-S82-T82-U82-V82-W82-X82-Y82-Z82-AA82-AB82-AC82-AD82-AE82-AF82-AG82-AH82-AI82-AJ82-AK82-AL82 -> 200 | AN82: =B82*C82*D82*AM82/1000000000 -> 0.14744 | AP82: 910 | AQ82: =AN82*AP82*31.4666 -> 4221.8863
A83: BIRCH WOOD | B83: 20 | C83: 97 | D83: 380 | E83: 230 | F83: TM202511-SN01 | G83: 46044 | AM83: =E83-H83-I83-J83-K83-L83-M83-N83-O83-P83-Q83-R83-S83-T83-U83-V83-W83-X83-Y83-Z83-AA83-AB83-AC83-AD83-AE83-AF83-AG83-AH83-AI83-AJ83-AK83-AL83 -> 230 | AN83: =B83*C83*D83*AM83/1000000000 -> 0.169556 | AP83: 910 | AQ83: =AN83*AP83*31.4666 -> 4855.1693
A84: BIRCH WOOD | B84: 20 | C84: 97 | D84: 380 | E84: 140 | F84: TM202511-SN01 | G84: 46044 | AM84: =E84-H84-I84-J84-K84-L84-M84-N84-O84-P84-Q84-R84-S84-T84-U84-V84-W84-X84-Y84-Z84-AA84-AB84-AC84-AD84-AE84-AF84-AG84-AH84-AI84-AJ84-AK84-AL84 -> 140 | AN84: =B84*C84*D84*AM84/1000000000 -> 0.103208 | AP84: 910 | AQ84: =AN84*AP84*31.4666 -> 2955.3204
A85: BIRCH WOOD | B85: 20 | C85: 97 | D85: 380 | E85: 1030 | F85: TM202511-SN01 | G85: 46044 | AM85: =E85-H85-I85-J85-K85-L85-M85-N85-O85-P85-Q85-R85-S85-T85-U85-V85-W85-X85-Y85-Z85-AA85-AB85-AC85-AD85-AE85-AF85-AG85-AH85-AI85-AJ85-AK85-AL85 -> 1030 | AN85: =B85*C85*D85*AM85/1000000000 -> 0.759316 | AP85: 910 | AQ85: =AN85*AP85*31.4666 -> 21742.714
A86: BIRCH WOOD | B86: 20 | C86: 97 | D86: 380 | E86: 594 | F86: TM202601-SN01/TM202602-SN01 | G86: 46129 | Q86: 417 | AM86: =E86-H86-I86-J86-K86-L86-M86-N86-O86-P86-Q86-R86-S86-T86-U86-V86-W86-X86-Y86-Z86-AA86-AB86-AC86-AD86-AE86-AF86-AG86-AH86-AI86-AJ86-AK86-AL86 -> 177 | AN86: =B86*C86*D86*AM86/1000000000 -> 0.1304844 | AP86: 920.7469 | AQ86: =AN86*AP86*32.763 -> 3936.2486
A87: BIRCH WOOD | B87: 20 | C87: 97 | D87: 380 | E87: 606 | F87: TM202601-SN01/TM202602-SN01 | G87: 46129 | AM87: =E87-H87-I87-J87-K87-L87-M87-N87-O87-P87-Q87-R87-S87-T87-U87-V87-W87-X87-Y87-Z87-AA87-AB87-AC87-AD87-AE87-AF87-AG87-AH87-AI87-AJ87-AK87-AL87 -> 606 | AN87: =B87*C87*D87*AM87/1000000000 -> 0.4467432 | AP87: 920.7469 | AQ87: =AN87*AP87*32.763 -> 13476.648
A88: BIRCH WOOD | B88: 12.2 | C88: 41.3 | D88: 400 | E88: 1370 | F88: TM017/TM018/TM019 | G88: 45846 | Z88: 746 | AM88: =E88-H88-I88-J88-K88-L88-M88-N88-O88-P88-Q88-R88-S88-T88-U88-V88-W88-X88-Y88-Z88-AA88-AB88-AC88-AD88-AE88-AF88-AG88-AH88-AI88-AJ88-AK88-AL88 -> 624 | AN88: =B88*C88*D88*AM88/1000000000 -> 0.12576346 | AP88: 974.2285 | AQ88: =AN88*AP88*32.8864 -> 4029.3188
A89: BIRCH WOOD | B89: 12.2 | C89: 41.3 | D89: 400 | E89: 40 | F89: TM017/TM018/TM019 | G89: 45846 | AM89: =E89-H89-I89-J89-K89-L89-M89-N89-O89-P89-Q89-R89-S89-T89-U89-V89-W89-X89-Y89-Z89-AA89-AB89-AC89-AD89-AE89-AF89-AG89-AH89-AI89-AJ89-AK89-AL89 -> 40 | AN89: =B89*C89*D89*AM89/1000000000 -> 0.00806176 | AP89: 974.2285 | AQ89: =AN89*AP89*32.8864 -> 258.28967
A90: BIRCH WOOD | B90: 12.2 | C90: 31.75 | D90: 410 | E90: 3020 | F90: TM017/TM018/TM019 | G90: 45846 | AE90: 1232 | AM90: =E90-H90-I90-J90-K90-L90-M90-N90-O90-P90-Q90-R90-S90-T90-U90-V90-W90-X90-Y90-Z90-AA90-AB90-AC90-AD90-AE90-AF90-AG90-AH90-AI90-AJ90-AK90-AL90 -> 1788 | AN90: =B90*C90*D90*AM90/1000000000 -> 0.28395854 | AP90: 974.2285 | AQ90: =AN90*AP90*32.8864 -> 9097.7102
A91: BIRCH WOOD | B91: 12.2 | C91: 31.75 | D91: 410 | E91: 854 | F91: TM017/TM018/TM019 | G91: 45846 | AM91: =E91-H91-I91-J91-K91-L91-M91-N91-O91-P91-Q91-R91-S91-T91-U91-V91-W91-X91-Y91-Z91-AA91-AB91-AC91-AD91-AE91-AF91-AG91-AH91-AI91-AJ91-AK91-AL91 -> 854 | AN91: =B91*C91*D91*AM91/1000000000 -> 0.13562673 | AP91: 974.2285 | AQ91: =AN91*AP91*32.8864 -> 4345.3269
A92: BIRCH WOOD | B92: 10 | C92: 63.5 | D92: 414 | E92: 800 | F92: TM202508-SN01 | G92: 45962 | AM92: =E92-H92-I92-J92-K92-L92-M92-N92-O92-P92-Q92-R92-S92-T92-U92-V92-W92-X92-Y92-Z92-AA92-AB92-AC92-AD92-AE92-AF92-AG92-AH92-AI92-AJ92-AK92-AL92 -> 800 | AN92: =B92*C92*D92*AM92/1000000000 -> 0.210312 | AP92: 996.7454 | AQ92: =AP92*AN92*31.9788 -> 6703.6365
A93: BIRCH WOOD | B93: 79.8 | C93: 9 | D93: 445.2 | E93: 1840 | F93: TM202511-SN01 | G93: 46044 | AM93: =E93-H93-I93-J93-K93-L93-M93-N93-O93-P93-Q93-R93-S93-T93-U93-V93-W93-X93-Y93-Z93-AA93-AB93-AC93-AD93-AE93-AF93-AG93-AH93-AI93-AJ93-AK93-AL93 -> 1840 | AN93: =B93*C93*D93*AM93/1000000000 -> 0.58832646 | AP93: 1010 | AQ93: =AN93*AP93*31.4666 -> 18697.76
A94: BIRCH WOOD | B94: 79.8 | C94: 9 | D94: 445.2 | E94: 560 | F94: TM202511-SN01 | G94: 46044 | AM94: =E94-H94-I94-J94-K94-L94-M94-N94-O94-P94-Q94-R94-S94-T94-U94-V94-W94-X94-Y94-Z94-AA94-AB94-AC94-AD94-AE94-AF94-AG94-AH94-AI94-AJ94-AK94-AL94 -> 560 | AN94: =B94*C94*D94*AM94/1000000000 -> 0.17905588 | AP94: 1010 | AQ94: =AN94*AP94*31.4666 -> 5690.6225
A95: BIRCH WOOD | B95: 86.12 | C95: 13 | D95: 445.2 | E95: 1500 | F95: TM202511-SN01 | G95: 46044 | AM95: =E95-H95-I95-J95-K95-L95-M95-N95-O95-P95-Q95-R95-S95-T95-U95-V95-W95-X95-Y95-Z95-AA95-AB95-AC95-AD95-AE95-AF95-AG95-AH95-AI95-AJ95-AK95-AL95 -> 1500 | AN95: =B95*C95*D95*AM95/1000000000 -> 0.74764217 | AP95: 1010 | AQ95: =AN95*AP95*31.4666 -> 23761.015
A96: BIRCH WOOD | B96: 9 | C96: 79.8 | D96: 445.2 | E96: 440 | F96: TM202508-SN01 | G96: 45962 | AG96: 100 | AM96: =E96-H96-I96-J96-K96-L96-M96-N96-O96-P96-Q96-R96-S96-T96-U96-V96-W96-X96-Y96-Z96-AA96-AB96-AC96-AD96-AE96-AF96-AG96-AH96-AI96-AJ96-AK96-AL96 -> 340 | AN96: =B96*C96*D96*AM96/1000000000 -> 0.1087125 | AP96: 996.7454 | AQ96: =AP96*AN96*31.9788 -> 3465.1806
A97: BIRCH WOOD | B97: 13 | C97: 86.12 | D97: 445.2 | E97: 230 | F97: TM202508-SN01 | G97: 45962 | AM97: =E97-H97-I97-J97-K97-L97-M97-N97-O97-P97-Q97-R97-S97-T97-U97-V97-W97-X97-Y97-Z97-AA97-AB97-AC97-AD97-AE97-AF97-AG97-AH97-AI97-AJ97-AK97-AL97 -> 230 | AN97: =B97*C97*D97*AM97/1000000000 -> 0.11463847 | AP97: 996.7454 | AQ97: =AP97*AN97*31.9788 -> 3654.0692
A98: BIRCH WOOD | B98: 9.53 | C98: 63.5 | D98: 450 | E98: 1010 | F98: TM202511-SN01 | G98: 46044 | AM98: =E98-H98-I98-J98-K98-L98-M98-N98-O98-P98-Q98-R98-S98-T98-U98-V98-W98-X98-Y98-Z98-AA98-AB98-AC98-AD98-AE98-AF98-AG98-AH98-AI98-AJ98-AK98-AL98 -> 1010 | AN98: =B98*C98*D98*AM98/1000000000 -> 0.27504295 | AP98: 1010 | AQ98: =AN98*AP98*31.4666 -> 8741.2131
A99: BIRCH WOOD | B99: 9.53 | C99: 63.5 | D99: 450 | E99: 4600 | F99: TM202604-SN02 | G99: 46178 | R99: 2358 | AM99: =E99-H99-I99-J99-K99-L99-M99-N99-O99-P99-Q99-R99-S99-T99-U99-V99-W99-X99-Y99-Z99-AA99-AB99-AC99-AD99-AE99-AF99-AG99-AH99-AI99-AJ99-AK99-AL99 -> 2242 | AN99: =B99*C99*D99*AM99/1000000000 -> 0.61054088 | AP99: 1010 | AQ99: =AN99*AP99*32.2938 -> 19913.852
A100: BIRCH WOOD | B100: 20 | C100: 54 | D100: 460 | E100: 400 | F100: TM017/TM018/TM019 | G100: 45846 | AM100: =E100-H100-I100-J100-K100-L100-M100-N100-O100-P100-Q100-R100-S100-T100-U100-V100-W100-X100-Y100-Z100-AA100-AB100-AC100-AD100-AE100-AF100-AG100-AH100-AI100-AJ100-AK100-AL100 -> 400 | AN100: =B100*C100*D100*AM100/1000000000 -> 0.19872 | AP100: 974.2285 | AQ100: =AN100*AP100*32.8864 -> 6366.7639
A101: BIRCH WOOD | B101: 20 | C101: 62 | D101: 460 | E101: 400 | F101: TM017/TM018/TM019 | G101: 45846 | AM101: =E101-H101-I101-J101-K101-L101-M101-N101-O101-P101-Q101-R101-S101-T101-U101-V101-W101-X101-Y101-Z101-AA101-AB101-AC101-AD101-AE101-AF101-AG101-AH101-AI101-AJ101-AK101-AL101 -> 400 | AN101: =B101*C101*D101*AM101/1000000000 -> 0.22816 | AP101: 974.2285 | AQ101: =AN101*AP101*32.8864 -> 7309.9882
A102: BIRCH WOOD | B102: 12.2 | C102: 79 | D102: 490 | E102: 1745 | F102: TM202604-SN02 | G102: 46178 | AM102: =E102-H102-I102-J102-K102-L102-M102-N102-O102-P102-Q102-R102-S102-T102-U102-V102-W102-X102-Y102-Z102-AA102-AB102-AC102-AD102-AE102-AF102-AG102-AH102-AI102-AJ102-AK102-AL102 -> 1745 | AN102: =B102*C102*D102*AM102/1000000000 -> 0.82409719 | AP102: 1010 | AQ102: =AN102*AP102*32.2938 -> 26879.362
...

Sheet LB-Board
B2: Date In | C2: Item Code. | D2: Decription | E2: Size | H2: BALANCE | J2: F3 ลูกบาศก์ฟุต | K2: Price | L2: PRICE /PCS | M2: Amount | N2: Remark
E3: T(mm) | F3: W | G3: L
C4: RMGROB-FJ-AB-001 | D4: AB 14X1220X2440 | E4: 14 | F4: 1220 | G4: 2440 | H4: 124 | I4: =ROUND(E4*F4*G4*H4/1000000000,2) -> 5.17 | J4: =I4*35.315 -> 182.57855 | K4: 22500 | L4: =E4*F4*G4*K4/1000000000 -> 937.692 | M4: 116273.25 | N4: =H4*L4 -> 116273.81
C5: RMGROB-BJ-AB-002 | D5: AB 14X1220X1550 | E5: 14 | F5: 1220 | G5: 1550 | H5: 20 | I5: =ROUND(E5*F5*G5*H5/1000000000,2) -> 0.53 | J5: =I5*35.315 -> 18.71695 | K5: 23000 | L5: =E5*F5*G5*K5/1000000000 -> 608.902 | M5: 12178 | N5: =H5*L5 -> 12178.04
C6: RMDAXIANG-BJ-AC-003 | D6: AC 16X1220X2440 | E6: 16 | F6: 1220 | G6: 2440 | H6: 265 | I6: =ROUND(E6*F6*G6*H6/1000000000,2) -> 12.62 | J6: =I6*35.315 -> 445.6753 | K6: 19316.03 | L6: =E6*F6*G6*K6/1000000000 -> 919.99933 | M6: 243800 | N6: =H6*L6 -> 243799.82
C7: RMKTM-LB-AB001 | D7: AB 16X11180X1100 | E7: 16 | F7: 1180 | G7: 1100 | H7: 513 | I7: =ROUND(E7*F7*G7*H7/1000000000,2) -> 10.65 | J7: =I7*35.315 -> 376.10475 | K7: 18684.58 | L7: =+M7/H7 -> 388.09846 | M7: 199094.51 | N7: =H7*L7 -> 199094.51
C8: RMKTM-LB-AB002 | D8: AB 16X1180X1000 | E8: 16 | F8: 1180 | G8: 1000 | H8: 219 | I8: =ROUND(E8*F8*G8*H8/1000000000,2) -> 4.13 | J8: =I8*35.315 -> 145.85095 | K8: 18684.58 | L8: =+M8/H8 -> 352.36219 | M8: 77167.32 | N8: =H8*L8 -> 77167.32
C9: RMKTM-LB-AB003 | D9: AB 16X1200X900 | E9: 16 | F9: 1200 | G9: 900 | H9: 40 | I9: =ROUND(E9*F9*G9*H9/1000000000,2) -> 0.69 | J9: =I9*35.315 -> 24.36735 | K9: 18684.58 | L9: =+M9/H9 -> 322.4005 | M9: 12896.02 | N9: =H9*L9 -> 12896.02
B10: TOTAL | H10: =SUM(H4:H9) -> 1181 | I10: =SUM(I4:I9) -> 33.79 | M10: =SUM(M4:M9) -> 661409.1 | N10: =SUM(N4:N9) -> 661409.52
H11: Board | I11: =I10 -> 33.79 | M11: =M10 -> 661409.1 | N11: =M11/I11 -> 19574.108

Sheet MAT-INDO
A1: PART | B1: T | C1: W | D1: L | E1: PCS | F1: INV | G1: IN DATE | H1: OUT DATE - JULY | AM1: BALANCE | AN1: m3 | AO1: USD/m3 | AP1: USD to THB
H2: 1 | I2: 2 | J2: 3 | K2: 4 | L2: 5 | M2: 6 | N2: 7 | O2: 8 | P2: 9 | Q2: 10 | R2: 11 | S2: 12 | T2: 13 | U2: 14 | V2: 15 | W2: 16 | X2: 17 | Y2: 18 | Z2: 19 | AA2: 20 | AB2: 21 | AC2: 22 | AD2: 23 | AE2: 24 | AF2: 25 | AG2: 26 | AH2: 27 | AI2: 28 | AJ2: 29 | AK2: 30 | AL2: 31
A3: 6601608 | B3: 15 | C3: 101.6 | D3: 520.7 | E3: 1100 | F3: INV-13/ASN/TM/II/26 | G3: 46107 | AM3: =E3-H3-I3-J3-K3-L3-M3-N3-O3-P3-Q3-R3-S3-T3-U3-V3-W3-X3-Y3-Z3-AA3-AB3-AC3-AD3-AE3-AF3-AG3-AH3-AI3-AJ3-AK3-AL3 -> 1100 | AN3: =B3*C3*D3*AM3/1000000000 -> 0.87290148 | AO3: 590 | AP3: =AN3*AO3*31.3303 -> 16135.476
A4: 6601608 | B4: 15 | C4: 101.6 | D4: 520.7 | E4: 1500 | F4: INV-13/ASN/TM/II/26 | G4: 46107 | AM4: =E4-H4-I4-J4-K4-L4-M4-N4-O4-P4-Q4-R4-S4-T4-U4-V4-W4-X4-Y4-Z4-AA4-AB4-AC4-AD4-AE4-AF4-AG4-AH4-AI4-AJ4-AK4-AL4 -> 1500 | AN4: =B4*C4*D4*AM4/1000000000 -> 1.1903202 | AO4: 590 | AP4: =AN4*AO4*31.3303 -> 22002.922
A5: 6601608 | B5: 15 | C5: 101.6 | D5: 520.7 | E5: 1500 | F5: INV-13/ASN/TM/II/26 | G5: 46107 | AM5: =E5-H5-I5-J5-K5-L5-M5-N5-O5-P5-Q5-R5-S5-T5-U5-V5-W5-X5-Y5-Z5-AA5-AB5-AC5-AD5-AE5-AF5-AG5-AH5-AI5-AJ5-AK5-AL5 -> 1500 | AN5: =B5*C5*D5*AM5/1000000000 -> 1.1903202 | AO5: 590 | AP5: =AN5*AO5*31.3303 -> 22002.922
A6: 6601609 | B6: 15 | C6: 101.6 | D6: 566.7 | E6: 550 | F6: INV-13/ASN/TM/II/26 | G6: 46107 | I6: 300 | AM6: =E6-H6-I6-J6-K6-L6-M6-N6-O6-P6-Q6-R6-S6-T6-U6-V6-W6-X6-Y6-Z6-AA6-AB6-AC6-AD6-AE6-AF6-AG6-AH6-AI6-AJ6-AK6-AL6 -> 250 | AN6: =B6*C6*D6*AM6/1000000000 -> 0.2159127 | AO6: 590 | AP6: =AN6*AO6*31.3303 -> 3991.1197
A7: 6601613 | B7: 15 | C7: 101.6 | D7: 673.1 | E7: 1000 | F7: INV-13/ASN/TM/II/26 | G7: 46107 | AM7: =E7-H7-I7-J7-K7-L7-M7-N7-O7-P7-Q7-R7-S7-T7-U7-V7-W7-X7-Y7-Z7-AA7-AB7-AC7-AD7-AE7-AF7-AG7-AH7-AI7-AJ7-AK7-AL7 -> 1000 | AN7: =B7*C7*D7*AM7/1000000000 -> 1.0258044 | AO7: 590 | AP7: =AN7*AO7*31.3303 -> 18961.868
A8: 6601625 | B8: 15 | C8: 177.8 | D8: 520.7 | E8: 736 | F8: INV-13/ASN/TM/II/26 | G8: 46107 | AM8: =E8-H8-I8-J8-K8-L8-M8-N8-O8-P8-Q8-R8-S8-T8-U8-V8-W8-X8-Y8-Z8-AA8-AB8-AC8-AD8-AE8-AF8-AG8-AH8-AI8-AJ8-AK8-AL8 -> 736 | AN8: =B8*C8*D8*AM8/1000000000 -> 1.0220883 | AO8: 590 | AP8: =AN8*AO8*31.3303 -> 18893.176
A9: 6601628 | B9: 15 | C9: 177.8 | D9: 673.1 | E9: 300 | F9: INV-13/ASN/TM/II/26 | G9: 46107 | AM9: =E9-H9-I9-J9-K9-L9-M9-N9-O9-P9-Q9-R9-S9-T9-U9-V9-W9-X9-Y9-Z9-AA9-AB9-AC9-AD9-AE9-AF9-AG9-AH9-AI9-AJ9-AK9-AL9 -> 300 | AN9: =B9*C9*D9*AM9/1000000000 -> 0.53854731 | AO9: 590 | AP9: =AN9*AO9*31.3303 -> 9954.9808
A10: 6601632 | B10: 15 | C10: 228.6 | D10: 292.1 | E10: 450 | F10: INV-13/ASN/TM/II/26 | G10: 46107 | AM10: =E10-H10-I10-J10-K10-L10-M10-N10-O10-P10-Q10-R10-S10-T10-U10-V10-W10-X10-Y10-Z10-AA10-AB10-AC10-AD10-AE10-AF10-AG10-AH10-AI10-AJ10-AK10-AL10 -> 450 | AN10: =B10*C10*D10*AM10/1000000000 -> 0.45072491 | AO10: 590 | AP10: =AN10*AO10*31.3303 -> 8331.5944
A11: 6601634 | B11: 15 | C11: 228.6 | D11: 368.3 | E11: 500 | F11: INV-13/ASN/TM/II/26 | G11: 46107 | AM11: =E11-H11-I11-J11-K11-L11-M11-N11-O11-P11-Q11-R11-S11-T11-U11-V11-W11-X11-Y11-Z11-AA11-AB11-AC11-AD11-AE11-AF11-AG11-AH11-AI11-AJ11-AK11-AL11 -> 500 | AN11: =B11*C11*D11*AM11/1000000000 -> 0.63145035 | AO11: 590 | AP11: =AN11*AO11*31.3303 -> 11672.282
A12: 7719403 | B12: 15.9 | C12: 161.9 | D12: 523.8 | E12: 480 | F12: INV-11/ASN/TM/II/26 | G12: 46100 | AJ12: 132 | AM12: =E12-H12-I12-J12-K12-L12-M12-N12-O12-P12-Q12-R12-S12-T12-U12-V12-W12-X12-Y12-Z12-AA12-AB12-AC12-AD12-AE12-AF12-AG12-AH12-AI12-AJ12-AK12-AL12 -> 348 | AN12: =B12*C12*D12*AM12/1000000000 -> 0.46923318 | AO12: 590 | AP12: =AN12*AO12*31.3303 -> 8673.7176
A13: 8156423 | B13: 10.5 | C13: 51 | D13: 550 | E13: 2400 | F13: INV-13/ASN/TM/II/26 | G13: 46107 | AM13: =E13-H13-I13-J13-K13-L13-M13-N13-O13-P13-Q13-R13-S13-T13-U13-V13-W13-X13-Y13-Z13-AA13-AB13-AC13-AD13-AE13-AF13-AG13-AH13-AI13-AJ13-AK13-AL13 -> 2400 | AN13: =B13*C13*D13*AM13/1000000000 -> 0.70686 | AO13: 590 | AP13: =AN13*AO13*31.3303 -> 13066.22
A14: 8156506 | B14: 16 | C14: 86 | D14: 466 | E14: 640 | F14: INV-13/ASN/TM/II/26 | G14: 46107 | AM14: =E14-H14-I14-J14-K14-L14-M14-N14-O14-P14-Q14-R14-S14-T14-U14-V14-W14-X14-Y14-Z14-AA14-AB14-AC14-AD14-AE14-AF14-AG14-AH14-AI14-AJ14-AK14-AL14 -> 640 | AN14: =B14*C14*D14*AM14/1000000000 -> 0.41037824 | AO14: 590 | AP14: =AN14*AO14*31.3303 -> 7585.7913
A15: 8156521 | B15: 16 | C15: 162 | D15: 524 | E15: 336 | F15: INV-13/ASN/TM/II/26 | G15: 46107 | AM15: =E15-H15-I15-J15-K15-L15-M15-N15-O15-P15-Q15-R15-S15-T15-U15-V15-W15-X15-Y15-Z15-AA15-AB15-AC15-AD15-AE15-AF15-AG15-AH15-AI15-AJ15-AK15-AL15 -> 336 | AN15: =B15*C15*D15*AM15/1000000000 -> 0.45635789 | AO15: 590 | AP15: =AN15*AO15*31.3303 -> 8435.7194
A16: 8156565 | B16: 16 | C16: 86 | D16: 474 | E16: 1608 | F16: INV-13/ASN/TM/II/26 | G16: 46107 | AM16: =E16-H16-I16-J16-K16-L16-M16-N16-O16-P16-Q16-R16-S16-T16-U16-V16-W16-X16-Y16-Z16-AA16-AB16-AC16-AD16-AE16-AF16-AG16-AH16-AI16-AJ16-AK16-AL16 -> 1608 | AN16: =B16*C16*D16*AM16/1000000000 -> 1.0487762 | AO16: 590 | AP16: =AN16*AO16*31.3303 -> 19386.499
A17: 8156565 | B17: 16 | C17: 86 | D17: 474 | E17: 952 | F17: INV-13/ASN/TM/II/26 | G17: 46107 | AM17: =E17-H17-I17-J17-K17-L17-M17-N17-O17-P17-Q17-R17-S17-T17-U17-V17-W17-X17-Y17-Z17-AA17-AB17-AC17-AD17-AE17-AF17-AG17-AH17-AI17-AJ17-AK17-AL17 -> 952 | AN17: =B17*C17*D17*AM17/1000000000 -> 0.62091725 | AO17: 590 | AP17: =AN17*AO17*31.3303 -> 11477.579
A18: 8156575 | B18: 16 | C18: 86 | D18: 524 | E18: 296 | F18: INV-13/ASN/TM/II/26 | G18: 46107 | AM18: =E18-H18-I18-J18-K18-L18-M18-N18-O18-P18-Q18-R18-S18-T18-U18-V18-W18-X18-Y18-Z18-AA18-AB18-AC18-AD18-AE18-AF18-AG18-AH18-AI18-AJ18-AK18-AL18 -> 296 | AN18: =B18*C18*D18*AM18/1000000000 -> 0.2134231 | AO18: 590 | AP18: =AN18*AO18*31.3303 -> 3945.0998
A19: 8156575 | B19: 16 | C19: 86 | D19: 524 | E19: 1608 | F19: INV-13/ASN/TM/II/26 | G19: 46107 | AM19: =E19-H19-I19-J19-K19-L19-M19-N19-O19-P19-Q19-R19-S19-T19-U19-V19-W19-X19-Y19-Z19-AA19-AB19-AC19-AD19-AE19-AF19-AG19-AH19-AI19-AJ19-AK19-AL19 -> 1608 | AN19: =B19*C19*D19*AM19/1000000000 -> 1.1594066 | AO19: 590 | AP19: =AN19*AO19*31.3303 -> 21431.488
A20: 8156575 | B20: 16 | C20: 86 | D20: 524 | E20: 1608 | F20: INV-13/ASN/TM/II/26 | G20: 46107 | AM20: =E20-H20-I20-J20-K20-L20-M20-N20-O20-P20-Q20-R20-S20-T20-U20-V20-W20-X20-Y20-Z20-AA20-AB20-AC20-AD20-AE20-AF20-AG20-AH20-AI20-AJ20-AK20-AL20 -> 1608 | AN20: =B20*C20*D20*AM20/1000000000 -> 1.1594066 | AO20: 590 | AP20: =AN20*AO20*31.3303 -> 21431.488
A21: 8156575 | B21: 16 | C21: 86 | D21: 524 | E21: 1608 | F21: INV-13/ASN/TM/II/26 | G21: 46107 | AM21: =E21-H21-I21-J21-K21-L21-M21-N21-O21-P21-Q21-R21-S21-T21-U21-V21-W21-X21-Y21-Z21-AA21-AB21-AC21-AD21-AE21-AF21-AG21-AH21-AI21-AJ21-AK21-AL21 -> 1608 | AN21: =B21*C21*D21*AM21/1000000000 -> 1.1594066 | AO21: 590 | AP21: =AN21*AO21*31.3303 -> 21431.488
A22: 8156578 | B22: 16 | C22: 162 | D22: 491 | E22: 640 | F22: INV-13/ASN/TM/II/26 | G22: 46107 | AM22: =E22-H22-I22-J22-K22-L22-M22-N22-O22-P22-Q22-R22-S22-T22-U22-V22-W22-X22-Y22-Z22-AA22-AB22-AC22-AD22-AE22-AF22-AG22-AH22-AI22-AJ22-AK22-AL22 -> 640 | AN22: =B22*C22*D22*AM22/1000000000 -> 0.81451008 | AO22: 590 | AP22: =AN22*AO22*31.3303 -> 15056.119
A23: 8156585 | B23: 16 | C23: 162 | D23: 568 | E23: 720 | F23: INV-13/ASN/TM/II/26 | G23: 46107 | AM23: =E23-H23-I23-J23-K23-L23-M23-N23-O23-P23-Q23-R23-S23-T23-U23-V23-W23-X23-Y23-Z23-AA23-AB23-AC23-AD23-AE23-AF23-AG23-AH23-AI23-AJ23-AK23-AL23 -> 720 | AN23: =B23*C23*D23*AM23/1000000000 -> 1.0600243 | AO23: 590 | AP23: =AN23*AO23*31.3303 -> 19594.419
A24: 8156588 | B24: 12 | C24: 89 | D24: 864 | E24: 320 | F24: INV-13/ASN/TM/II/26 | G24: 46107 | AM24: =E24-H24-I24-J24-K24-L24-M24-N24-O24-P24-Q24-R24-S24-T24-U24-V24-W24-X24-Y24-Z24-AA24-AB24-AC24-AD24-AE24-AF24-AG24-AH24-AI24-AJ24-AK24-AL24 -> 320 | AN24: =B24*C24*D24*AM24/1000000000 -> 0.29528064 | AO24: 590 | AP24: =AN24*AO24*31.3303 -> 5458.2263
... A35: 8843617 | B35: 15 | C35: 229 | D35: 215.9 | E35: 588 | F35: INV-13/ASN/TM/II/26 | G35: 46107 | AM35: =E35-H35-I35-J35-K35-L35-M35-N35-O35-P35-Q35-R35-S35-T35-U35-V35-W35-X35-Y35-Z35-AA35-AB35-AC35-AD35-AE35-AF35-AG35-AH35-AI35-AJ35-AK35-AL35 -> 588 | AN35: =B35*C35*D35*AM35/1000000000 -> 0.4360705 | AO35: 590 | AP35: =AN35*AO35*31.3303 -> 8060.7096
A36: RUBBER S4S | B36: 15 | C36: 101.6 | D36: 520.7 | E36: 1500 | F36: INV-14/ASN/TM/VI/26 | G36: 46220 | AM36: =E36-H36-I36-J36-K36-L36-M36-N36-O36-P36-Q36-R36-S36-T36-U36-V36-W36-X36-Y36-Z36-AA36-AB36-AC36-AD36-AE36-AF36-AG36-AH36-AI36-AJ36-AK36-AL36 -> 1500 | AN36: =B36*C36*D36*AM36/1000000000 -> 1.1903202 | AO36: 590 | AP36: =AN36*AO36*32.8679 -> 23082.762
A37: RUBBER S4S | B37: 15 | C37: 101.6 | D37: 520.7 | E37: 1500 | F37: INV-14/ASN/TM/VI/26 | G37: 46220 | AM37: =E37-H37-I37-J37-K37-L37-M37-N37-O37-P37-Q37-R37-S37-T37-U37-V37-W37-X37-Y37-Z37-AA37-AB37-AC37-AD37-AE37-AF37-AG37-AH37-AI37-AJ37-AK37-AL37 -> 1500 | AN37: =B37*C37*D37*AM37/1000000000 -> 1.1903202 | AO37: 590 | AP37: =AN37*AO37*32.8679 -> 23082.762
A38: RUBBER S4S | B38: 15 | C38: 101.6 | D38: 520.7 | E38: 1500 | F38: INV-14/ASN/TM/VI/26 | G38: 46220 | AM38: =E38-H38-I38-J38-K38-L38-M38-N38-O38-P38-Q38-R38-S38-T38-U38-V38-W38-X38-Y38-Z38-AA38-AB38-AC38-AD38-AE38-AF38-AG38-AH38-AI38-AJ38-AK38-AL38 -> 1500 | AN38: =B38*C38*D38*AM38/1000000000 -> 1.1903202 | AO38: 590 | AP38: =AN38*AO38*32.8679 -> 23082.762
A39: RUBBER S4S | B39: 15 | C39: 101.6 | D39: 520.7 | E39: 1500 | F39: INV-14/ASN/TM/VI/26 | G39: 46220 | AM39: =E39-H39-I39-J39-K39-L39-M39-N39-O39-P39-Q39-R39-S39-T39-U39-V39-W39-X39-Y39-Z39-AA39-AB39-AC39-AD39-AE39-AF39-AG39-AH39-AI39-AJ39-AK39-AL39 -> 1500 | AN39: =B39*C39*D39*AM39/1000000000 -> 1.1903202 | AO39: 590 | AP39: =AN39*AO39*32.8679 -> 23082.762
A40: RUBBER S4S | B40: 15 | C40: 101.6 | D40: 520.7 | E40: 1500 | F40: INV-14/ASN/TM/VI/26 | G40: 46220 | AM40: =E40-H40-I40-J40-K40-L40-M40-N40-O40-P40-Q40-R40-S40-T40-U40-V40-W40-X40-Y40-Z40-AA40-AB40-AC40-AD40-AE40-AF40-AG40-AH40-AI40-AJ40-AK40-AL40 -> 1500 | AN40: =B40*C40*D40*AM40/1000000000 -> 1.1903202 | AO40: 590 | AP40: =AN40*AO40*32.8679 -> 23082.762
A41: RUBBER S4S | B41: 15 | C41: 101.6 | D41: 520.7 | E41: 1500 | F41: INV-14/ASN/TM/VI/26 | G41: 46220 | AM41: =E41-H41-I41-J41-K41-L41-M41-N41-O41-P41-Q41-R41-S41-T41-U41-V41-W41-X41-Y41-Z41-AA41-AB41-AC41-AD41-AE41-AF41-AG41-AH41-AI41-AJ41-AK41-AL41 -> 1500 | AN41: =B41*C41*D41*AM41/1000000000 -> 1.1903202 | AO41: 590 | AP41: =AN41*AO41*32.8679 -> 23082.762
A42: RUBBER S4S | B42: 15 | C42: 101.6 | D42: 566.7 | E42: 570 | F42: INV-14/ASN/TM/VI/26 | G42: 46220 | AM42: =E42-H42-I42-J42-K42-L42-M42-N42-O42-P42-Q42-R42-S42-T42-U42-V42-W42-X42-Y42-Z42-AA42-AB42-AC42-AD42-AE42-AF42-AG42-AH42-AI42-AJ42-AK42-AL42 -> 570 | AN42: =B42*C42*D42*AM42/1000000000 -> 0.49228096 | AO42: 590 | AP42: =AN42*AO42*32.8679 -> 9546.3423
A43: RUBBER S4S | B43: 15 | C43: 101.6 | D43: 520.7 | E43: 1022 | F43: INV-14/ASN/TM/VI/26 | G43: 46220 | AM43: =E43-H43-I43-J43-K43-L43-M43-N43-O43-P43-Q43-R43-S43-T43-U43-V43-W43-X43-Y43-Z43-AA43-AB43-AC43-AD43-AE43-AF43-AG43-AH43-AI43-AJ43-AK43-AL43 -> 1022 | AN43: =B43*C43*D43*AM43/1000000000 -> 0.81100483 | AO43: 590 | AP43: =AN43*AO43*32.8679 -> 15727.055
A44: RUBBER S4S | B44: 15 | C44: 101.6 | D44: 495.3 | E44: 951 | F44: INV-14/ASN/TM/VI/26 | G44: 46220 | AM44: =E44-H44-I44-J44-K44-L44-M44-N44-O44-P44-Q44-R44-S44-T44-U44-V44-W44-X44-Y44-Z44-AA44-AB44-AC44-AD44-AE44-AF44-AG44-AH44-AI44-AJ44-AK44-AL44 -> 951 | AN44: =B44*C44*D44*AM44/1000000000 -> 0.71785018 | AO44: 590 | AP44: =AN44*AO44*32.8679 -> 13920.594
A45: RUBBER S4S | B45: 15 | C45: 101.6 | D45: 444.5 | E45: 959 | F45: INV-14/ASN/TM/VI/26 | G45: 46220 | AM45: =E45-H45-I45-J45-K45-L45-M45-N45-O45-P45-Q45-R45-S45-T45-U45-V45-W45-X45-Y45-Z45-AA45-AB45-AC45-AD45-AE45-AF45-AG45-AH45-AI45-AJ45-AK45-AL45 -> 959 | AN45: =B45*C45*D45*AM45/1000000000 -> 0.64964386 | AO45: 590 | AP45: =AN45*AO45*32.8679 -> 12597.933
A46: RUBBER S4S | B46: 17 | C46: 83 | D46: 520 | E46: 1560 | F46: INV-14/ASN/TM/VI/26 | G46: 46220 | AM46: =E46-H46-I46-J46-K46-L46-M46-N46-O46-P46-Q46-R46-S46-T46-U46-V46-W46-X46-Y46-Z46-AA46-AB46-AC46-AD46-AE46-AF46-AG46-AH46-AI46-AJ46-AK46-AL46 -> 1560 | AN46: =B46*C46*D46*AM46/1000000000 -> 1.1446032 | AO46: 530 | AP46: =AN46*AO46*32.8679 -> 19938.973
A47: RUBBER S4S | B47: 17 | C47: 83 | D47: 520 | E47: 1560 | F47: INV-14/ASN/TM/VI/26 | G47: 46220 | AM47: =E47-H47-I47-J47-K47-L47-M47-N47-O47-P47-Q47-R47-S47-T47-U47-V47-W47-X47-Y47-Z47-AA47-AB47-AC47-AD47-AE47-AF47-AG47-AH47-AI47-AJ47-AK47-AL47 -> 1560 | AN47: =B47*C47*D47*AM47/1000000000 -> 1.1446032 | AO47: 530 | AP47: =AN47*AO47*32.8679 -> 19938.973
... A49: RUBBER S4S | B49: 17 | C49: 73 | D49: 520 | E49: 1740 | F49: INV-14/ASN/TM/VI/26 | G49: 46220 | AM49: =E49-H49-I49-J49-K49-L49-M49-N49-O49-P49-Q49-R49-S49-T49-U49-V49-W49-X49-Y49-Z49-AA49-AB49-AC49-AD49-AE49-AF49-AG49-AH49-AI49-AJ49-AK49-AL49 -> 1740 | AN49: =B49*C49*D49*AM49/1000000000 -> 1.1228568 | AO49: 530 | AP49: =AN49*AO49*32.8679 -> 19560.151
AN51: =SUM(AN3:AN49) -> 37.991358 | AP51: =SUM(AP3:AP49) -> 706326.91 | AQ51: =AP51/AN51 -> 18591.778

Sheet TAIWAN
A1: TYPE | B1: T | C1: W | D1: L | E1: PCS | F1: INV | G1: IN DATE | H1: OUT DATE - JULY | AM1: BALANCE | AN1: m3 | AO1: USD/PCS | AP1: USD/m3 | AQ1: USD to THB
H2: 1 | I2: 2 | J2: 3 | K2: 4 | L2: 5 | M2: 6 | N2: 7 | O2: 8 | P2: 9 | Q2: 10 | R2: 11 | S2: 12 | T2: 13 | U2: 14 | V2: 15 | W2: 16 | X2: 17 | Y2: 18 | Z2: 19 | AA2: 20 | AB2: 21 | AC2: 22 | AD2: 23 | AE2: 24 | AF2: 25 | AG2: 26 | AH2: 27 | AI2: 28 | AJ2: 29 | AK2: 30 | AL2: 31
A3: BIRCH WOOD | B3: 25.8 | C3: 420 | D3: 500 | E3: 168 | G3: 45772 | AM3: =E3-H3-I3-J3-K3-L3-M3-N3-O3-P3-Q3-R3-S3-T3-U3-V3-W3-X3-Y3-Z3-AA3-AB3-AC3-AD3-AE3-AF3-AG3-AH3-AI3-AJ3-AK3-AL3 -> 168 | AN3: =B3*C3*D3*AM3/1000000000 -> 0.910224 | AO3: 0.56 | AQ3: =AM3*AO3*33.8783 -> 3187.2705
A4: BIRCH WOOD | B4: 20 | C4: 97 | D4: 890 | E4: 500 | G4: 45772 | AM4: =E4-H4-I4-J4-K4-L4-M4-N4-O4-P4-Q4-R4-S4-T4-U4-V4-W4-X4-Y4-Z4-AA4-AB4-AC4-AD4-AE4-AF4-AG4-AH4-AI4-AJ4-AK4-AL4 -> 500 | AN4: =B4*C4*D4*AM4/1000000000 -> 0.8633 | AO4: 0.42 | AQ4: =AM4*AO4*33.8783 -> 7114.443
A5: BIRCH WOOD | B5: 12.3 | C5: 79 | D5: 510 | E5: 1640 | G5: 45772 | AM5: =E5-H5-I5-J5-K5-L5-M5-N5-O5-P5-Q5-R5-S5-T5-U5-V5-W5-X5-Y5-Z5-AA5-AB5-AC5-AD5-AE5-AF5-AG5-AH5-AI5-AJ5-AK5-AL5 -> 1640 | AN5: =B5*C5*D5*AM5/1000000000 -> 0.81272988 | AO5: 0.31 | AQ5: =AM5*AO5*33.8783 -> 17223.728
A6: BIRCH WOOD | B6: 20 | C6: 97 | D6: 890 | E6: 500 | G6: 45772 | AM6: =E6-H6-I6-J6-K6-L6-M6-N6-O6-P6-Q6-R6-S6-T6-U6-V6-W6-X6-Y6-Z6-AA6-AB6-AC6-AD6-AE6-AF6-AG6-AH6-AI6-AJ6-AK6-AL6 -> 500 | AN6: =B6*C6*D6*AM6/1000000000 -> 0.8633 | AO6: 0.35 | AQ6: =AM6*AO6*33.8783 -> 5928.7025
A7: BIRCH WOOD | B7: 12.3 | C7: 41.3 | D7: 700 | E7: 540 | G7: 45772 | AM7: =E7-H7-I7-J7-K7-L7-M7-N7-O7-P7-Q7-R7-S7-T7-U7-V7-W7-X7-Y7-Z7-AA7-AB7-AC7-AD7-AE7-AF7-AG7-AH7-AI7-AJ7-AK7-AL7 -> 540 | AN7: =B7*C7*D7*AM7/1000000000 -> 0.19202022 | AO7: 0.32 | AQ7: =AM7*AO7*33.8783 -> 5854.1702
A8: BIRCH WOOD | B8: 20 | C8: 52 | D8: 690 | E8: 709 | G8: 45772 | W8: 171 | Z8: 80 | AA8: 136 | AC8: 210 | AM8: =E8-H8-I8-J8-K8-L8-M8-N8-O8-P8-Q8-R8-S8-T8-U8-V8-W8-X8-Y8-Z8-AA8-AB8-AC8-AD8-AE8-AF8-AG8-AH8-AI8-AJ8-AK8-AL8 -> 112 | AN8: =B8*C8*D8*AM8/1000000000 -> 0.0803712 | AO8: 0.29 | AQ8: =AM8*AO8*33.8783 -> 1100.3672
A9: BIRCH WOOD | B9: 25.8 | C9: 420 | D9: 500 | E9: 164 | G9: 45772 | AM9: =E9-H9-I9-J9-K9-L9-M9-N9-O9-P9-Q9-R9-S9-T9-U9-V9-W9-X9-Y9-Z9-AA9-AB9-AC9-AD9-AE9-AF9-AG9-AH9-AI9-AJ9-AK9-AL9 -> 164 | AN9: =B9*C9*D9*AM9/1000000000 -> 0.888552 | AO9: 0.87 | AQ9: =AM9*AO9*33.8783 -> 4833.7558
A10: BIRCH WOOD | B10: 12.2 | C10: 41.3 | D10: 850 | E10: 1500 | G10: 45772 | O10: 1317 | AM10: =E10-H10-I10-J10-K10-L10-M10-N10-O10-P10-Q10-R10-S10-T10-U10-V10-W10-X10-Y10-Z10-AA10-AB10-AC10-AD10-AE10-AF10-AG10-AH10-AI10-AJ10-AK10-AL10 -> 183 | AN10: =B10*C10*D10*AM10/1000000000 -> 0.078375423 | AO10: 0.25 | AQ10: =AM10*AO10*33.8783 -> 1549.9322
A11: BIRCH WOOD | B11: 20 | C11: 97 | D11: 850 | E11: 500 | G11: 45772 | W11: 256 | AM11: =E11-H11-I11-J11-K11-L11-M11-N11-O11-P11-Q11-R11-S11-T11-U11-V11-W11-X11-Y11-Z11-AA11-AB11-AC11-AD11-AE11-AF11-AG11-AH11-AI11-AJ11-AK11-AL11 -> 244 | AN11: =B11*C11*D11*AM11/1000000000 -> 0.402356 | AO11: 0.45 | AQ11: =AM11*AO11*33.8783 -> 3719.8373
A12: BIRCH WOOD | B12: 20 | C12: 97 | D12: 510 | E12: 594 | G12: 45772 | AM12: =E12-H12-I12-J12-K12-L12-M12-N12-O12-P12-Q12-R12-S12-T12-U12-V12-W12-X12-Y12-Z12-AA12-AB12-AC12-AD12-AE12-AF12-AG12-AH12-AI12-AJ12-AK12-AL12 -> 594 | AN12: =B12*C12*D12*AM12/1000000000 -> 0.5877036 | AO12: 0.89 | AQ12: =AM12*AO12*33.8783 -> 17910.102
A13: BIRCH WOOD | B13: 12.2 | C13: 31.75 | D13: 430 | E13: 4500 | G13: 45772 | AE13: 791 | AM13: =E13-H13-I13-J13-K13-L13-M13-N13-O13-P13-Q13-R13-S13-T13-U13-V13-W13-X13-Y13-Z13-AA13-AB13-AC13-AD13-AE13-AF13-AG13-AH13-AI13-AJ13-AK13-AL13 -> 3709 | AN13: =B13*C13*D13*AM13/1000000000 -> 0.61777289 | AO13: 0.19 | AQ13: =AM13*AO13*33.8783 -> 23874.377
A14: BIRCH WOOD | B14: 20 | C14: 97 | D14: 510 | E14: 606 | G14: 45772 | AM14: =E14-H14-I14-J14-K14-L14-M14-N14-O14-P14-Q14-R14-S14-T14-U14-V14-W14-X14-Y14-Z14-AA14-AB14-AC14-AD14-AE14-AF14-AG14-AH14-AI14-AJ14-AK14-AL14 -> 606 | AN14: =B14*C14*D14*AM14/1000000000 -> 0.5995764 | AO14: 0.89 | AQ14: =AM14*AO14*33.8783 -> 18271.922
A15: BIRCH WOOD | B15: 20 | C15: 97 | D15: 510 | E15: 800 | G15: 45772 | AM15: =E15-H15-I15-J15-K15-L15-M15-N15-O15-P15-Q15-R15-S15-T15-U15-V15-W15-X15-Y15-Z15-AA15-AB15-AC15-AD15-AE15-AF15-AG15-AH15-AI15-AJ15-AK15-AL15 -> 800 | AN15: =B15*C15*D15*AM15/1000000000 -> 0.79152 | AO15: 0.89 | AQ15: =AM15*AO15*33.8783 -> 24121.35
A16: BIRCH WOOD | B16: 20 | C16: 97 | D16: 510 | E16: 500 | G16: 45772 | AM16: =E16-H16-I16-J16-K16-L16-M16-N16-O16-P16-Q16-R16-S16-T16-U16-V16-W16-X16-Y16-Z16-AA16-AB16-AC16-AD16-AE16-AF16-AG16-AH16-AI16-AJ16-AK16-AL16 -> 500 | AN16: =B16*C16*D16*AM16/1000000000 -> 0.4947 | AO16: 0.89 | AQ16: =AM16*AO16*33.8783 -> 15075.844
A17: BIRCH WOOD | B17: 20 | C17: 97 | D17: 510 | E17: 800 | G17: 45772 | AM17: =E17-H17-I17-J17-K17-L17-M17-N17-O17-P17-Q17-R17-S17-T17-U17-V17-W17-X17-Y17-Z17-AA17-AB17-AC17-AD17-AE17-AF17-AG17-AH17-AI17-AJ17-AK17-AL17 -> 800 | AN17: =B17*C17*D17*AM17/1000000000 -> 0.79152 | AO17: 0.89 | AQ17: =AM17*AO17*33.8783 -> 24121.35
A18: BIRCH WOOD | B18: 20 | C18: 97 | D18: 550 | E18: 800 | G18: 45772 | AK18: 283 | AM18: =E18-H18-I18-J18-K18-L18-M18-N18-O18-P18-Q18-R18-S18-T18-U18-V18-W18-X18-Y18-Z18-AA18-AB18-AC18-AD18-AE18-AF18-AG18-AH18-AI18-AJ18-AK18-AL18 -> 517 | AN18: =B18*C18*D18*AM18/1000000000 -> 0.551639 | AO18: 0.41 | AQ18: =AM18*AO18*33.8783 -> 7181.1833
A19: BIRCH WOOD | B19: 20 | C19: 97 | D19: 510 | E19: 800 | G19: 45772 | AM19: =E19-H19-I19-J19-K19-L19-M19-N19-O19-P19-Q19-R19-S19-T19-U19-V19-W19-X19-Y19-Z19-AA19-AB19-AC19-AD19-AE19-AF19-AG19-AH19-AI19-AJ19-AK19-AL19 -> 800 | AN19: =B19*C19*D19*AM19/1000000000 -> 0.79152 | AO19: 0.89 | AQ19: =AM19*AO19*33.8783 -> 24121.35
A20: BIRCH WOOD | B20: 20 | C20: 97 | D20: 510 | E20: 800 | G20: 45772 | W20: 376 | AA20: 318 | AM20: =E20-H20-I20-J20-K20-L20-M20-N20-O20-P20-Q20-R20-S20-T20-U20-V20-W20-X20-Y20-Z20-AA20-AB20-AC20-AD20-AE20-AF20-AG20-AH20-AI20-AJ20-AK20-AL20 -> 106 | AN20: =B20*C20*D20*AM20/1000000000 -> 0.1048764 | AO20: 0.89 | AQ20: =AM20*AO20*33.8783 -> 3196.0788
A21: BIRCH WOOD | B21: 20 | C21: 97 | D21: 550 | E21: 800 | G21: 45772 | AM21: =E21-H21-I21-J21-K21-L21-M21-N21-O21-P21-Q21-R21-S21-T21-U21-V21-W21-X21-Y21-Z21-AA21-AB21-AC21-AD21-AE21-AF21-AG21-AH21-AI21-AJ21-AK21-AL21 -> 800 | AN21: =B21*C21*D21*AM21/1000000000 -> 0.8536 | AO21: 0.41 | AQ21: =AM21*AO21*33.8783 -> 11112.082
A22: BIRCH WOOD | B22: 20 | C22: 52 | D22: 690 | E22: 630 | G22: 45772 | K22: 162 | AM22: =E22-H22-I22-J22-K22-L22-M22-N22-O22-P22-Q22-R22-S22-T22-U22-V22-W22-X22-Y22-Z22-AA22-AB22-AC22-AD22-AE22-AF22-AG22-AH22-AI22-AJ22-AK22-AL22 -> 468 | AN22: =B22*C22*D22*AM22/1000000000 -> 0.3358368 | AO22: 0.29 | AQ22: =AM22*AO22*33.8783 -> 4597.9629
A23: BIRCH WOOD | B23: 20 | C23: 97 | D23: 510 | E23: 430 | G23: 45772 | AM23: =E23-H23-I23-J23-K23-L23-M23-N23-O23-P23-Q23-R23-S23-T23-U23-V23-W23-X23-Y23-Z23-AA23-AB23-AC23-AD23-AE23-AF23-AG23-AH23-AI23-AJ23-AK23-AL23 -> 430 | AN23: =B23*C23*D23*AM23/1000000000 -> 0.425442 | AO23: 0.89 | AQ23: =AM23*AO23*33.8783 -> 12965.225
A24: BIRCH WOOD | B24: 14 | C24: 45 | D24: 550 | E24: 1226 | G24: 45772 | AM24: =E24-H24-I24-J24-K24-L24-M24-N24-O24-P24-Q24-R24-S24-T24-U24-V24-W24-X24-Y24-Z24-AA24-AB24-AC24-AD24-AE24-AF24-AG24-AH24-AI24-AJ24-AK24-AL24 -> 1226 | AN24: =B24*C24*D24*AM24/1000000000 -> 0.424809 | AO24: 0.33 | AQ24: =AM24*AO24*33.8783 -> 13706.483
A25: BIRCH WOOD | B25: 18 | C25: 257 | D25: 470 | E25: 400 | G25: 45772 | AM25: =E25-H25-I25-J25-K25-L25-M25-N25-O25-P25-Q25-R25-S25-T25-U25-V25-W25-X25-Y25-Z25-AA25-AB25-AC25-AD25-AE25-AF25-AG25-AH25-AI25-AJ25-AK25-AL25 -> 400 | AN25: =B25*C25*D25*AM25/1000000000 -> 0.869688 | AO25: 0.35 | AQ25: =AM25*AO25*33.8783 -> 4742.962
A26: BIRCH WOOD | B26: 21 | C26: 69 | D26: 550 | E26: 600 | G26: 45772 | W26: 400 | AM26: =E26-H26-I26-J26-K26-L26-M26-N26-O26-P26-Q26-R26-S26-T26-U26-V26-W26-X26-Y26-Z26-AA26-AB26-AC26-AD26-AE26-AF26-AG26-AH26-AI26-AJ26-AK26-AL26 -> 200 | AN26: =B26*C26*D26*AM26/1000000000 -> 0.15939 | AO26: 0.34 | AQ26: =AM26*AO26*33.8783 -> 2303.7244
A27: BIRCH WOOD | B27: 21 | C27: 62 | D27: 660 | E27: 350 | G27: 45772 | AM27: =E27-H27-I27-J27-K27-L27-M27-N27-O27-P27-Q27-R27-S27-T27-U27-V27-W27-X27-Y27-Z27-AA27-AB27-AC27-AD27-AE27-AF27-AG27-AH27-AI27-AJ27-AK27-AL27 -> 350 | AN27: =B27*C27*D27*AM27/1000000000 -> 0.300762 | AO27: 0.7 | AQ27: =AM27*AO27*33.8783 -> 8300.1835
A28: BIRCH WOOD | B28: 22 | C28: 100 | D28: 900 | E28: 170 | G28: 45772 | AM28: =E28-H28-I28-J28-K28-L28-M28-N28-O28-P28-Q28-R28-S28-T28-U28-V28-W28-X28-Y28-Z28-AA28-AB28-AC28-AD28-AE28-AF28-AG28-AH28-AI28-AJ28-AK28-AL28 -> 170 | AN28: =B28*C28*D28*AM28/1000000000 -> 0.3366 | AO28: 0.78 | AQ28: =AM28*AO28*33.8783 -> 4492.2626
A29: BIRCH WOOD | B29: 20 | C29: 97 | D29: 510 | E29: 800 | G29: 45772 | AM29: =E29-H29-I29-J29-K29-L29-M29-N29-O29-P29-Q29-R29-S29-T29-U29-V29-W29-X29-Y29-Z29-AA29-AB29-AC29-AD29-AE29-AF29-AG29-AH29-AI29-AJ29-AK29-AL29 -> 800 | AN29: =B29*C29*D29*AM29/1000000000 -> 0.79152 | AO29: 0.89 | AQ29: =AM29*AO29*33.8783 -> 24121.35
A30: BIRCH WOOD | B30: 20 | C30: 52 | D30: 830 | E30: 800 | G30: 45772 | AM30: =E30-H30-I30-J30-K30-L30-M30-N30-O30-P30-Q30-R30-S30-T30-U30-V30-W30-X30-Y30-Z30-AA30-AB30-AC30-AD30-AE30-AF30-AG30-AH30-AI30-AJ30-AK30-AL30 -> 800 | AN30: =B30*C30*D30*AM30/1000000000 -> 0.69056 | AO30: 0.26 | AQ30: =AM30*AO30*33.8783 -> 7046.6864
A31: BIRCH WOOD | B31: 20 | C31: 97 | D31: 890 | E31: 550 | G31: 45772 | AM31: =E31-H31-I31-J31-K31-L31-M31-N31-O31-P31-Q31-R31-S31-T31-U31-V31-W31-X31-Y31-Z31-AA31-AB31-AC31-AD31-AE31-AF31-AG31-AH31-AI31-AJ31-AK31-AL31 -> 550 | AN31: =B31*C31*D31*AM31/1000000000 -> 0.94963 | AO31: 0.45 | AQ31: =AM31*AO31*33.8783 -> 8384.8792
A32: BIRCH WOOD | B32: 20 | C32: 97 | D32: 510 | E32: 700 | G32: 45772 | AM32: =E32-H32-I32-J32-K32-L32-M32-N32-O32-P32-Q32-R32-S32-T32-U32-V32-W32-X32-Y32-Z32-AA32-AB32-AC32-AD32-AE32-AF32-AG32-AH32-AI32-AJ32-AK32-AL32 -> 700 | AN32: =B32*C32*D32*AM32/1000000000 -> 0.69258 | AO32: 0.89 | AQ32: =AM32*AO32*33.8783 -> 21106.181
A33: BIRCH WOOD | B33: 20 | C33: 97 | D33: 550 | E33: 800 | G33: 45772 | AM33: =E33-H33-I33-J33-K33-L33-M33-N33-O33-P33-Q33-R33-S33-T33-U33-V33-W33-X33-Y33-Z33-AA33-AB33-AC33-AD33-AE33-AF33-AG33-AH33-AI33-AJ33-AK33-AL33 -> 800 | AN33: =B33*C33*D33*AM33/1000000000 -> 0.8536 | AO33: 0.41 | AQ33: =AM33*AO33*33.8783 -> 11112.082
A34: BIRCH WOOD | B34: 20 | C34: 97 | D34: 510 | E34: 300 | G34: 45772 | AM34: =E34-H34-I34-J34-K34-L34-M34-N34-O34-P34-Q34-R34-S34-T34-U34-V34-W34-X34-Y34-Z34-AA34-AB34-AC34-AD34-AE34-AF34-AG34-AH34-AI34-AJ34-AK34-AL34 -> 300 | AN34: =B34*C34*D34*AM34/1000000000 -> 0.29682 | AO34: 0.89 | AQ34: =AM34*AO34*33.8783 -> 9045.5061
A35: BIRCH WOOD | B35: 9.53 | C35: 63.5 | D35: 510 | E35: 1300 | G35: 45772 | AM35: =E35-H35-I35-J35-K35-L35-M35-N35-O35-P35-Q35-R35-S35-T35-U35-V35-W35-X35-Y35-Z35-AA35-AB35-AC35-AD35-AE35-AF35-AG35-AH35-AI35-AJ35-AK35-AL35 -> 1300 | AN35: =B35*C35*D35*AM35/1000000000 -> 0.40121777 | AO35: 0.27 | AQ35: =AM35*AO35*33.8783 -> 11891.283
A36: BIRCH WOOD | B36: 20 | C36: 97 | D36: 510 | E36: 600 | G36: 45772 | AM36: =E36-H36-I36-J36-K36-L36-M36-N36-O36-P36-Q36-R36-S36-T36-U36-V36-W36-X36-Y36-Z36-AA36-AB36-AC36-AD36-AE36-AF36-AG36-AH36-AI36-AJ36-AK36-AL36 -> 600 | AN36: =B36*C36*D36*AM36/1000000000 -> 0.59364 | AO36: 0.89 | AQ36: =AM36*AO36*33.8783 -> 18091.012
A37: BIRCH WOOD | B37: 25.8 | C37: 420 | D37: 500 | E37: 168 | G37: 45772 | AM37: =E37-H37-I37-J37-K37-L37-M37-N37-O37-P37-Q37-R37-S37-T37-U37-V37-W37-X37-Y37-Z37-AA37-AB37-AC37-AD37-AE37-AF37-AG37-AH37-AI37-AJ37-AK37-AL37 -> 168 | AN37: =B37*C37*D37*AM37/1000000000 -> 0.910224 | AO37: 0.56 | AQ37: =AM37*AO37*33.8783 -> 3187.2705
A38: BIRCH WOOD | B38: 20 | C38: 97 | D38: 510 | E38: 700 | G38: 45772 | AM38: =E38-H38-I38-J38-K38-L38-M38-N38-O38-P38-Q38-R38-S38-T38-U38-V38-W38-X38-Y38-Z38-AA38-AB38-AC38-AD38-AE38-AF38-AG38-AH38-AI38-AJ38-AK38-AL38 -> 700 | AN38: =B38*C38*D38*AM38/1000000000 -> 0.69258 | AO38: 0.89 | AQ38: =AM38*AO38*33.8783 -> 21106.181
... A41: BIRCH WOOD | B41: 9.53 | C41: 63.5 | D41: 510 | E41: 1900 | G41: 45772 | AM41: =E41-H41-I41-J41-K41-L41-M41-N41-O41-P41-Q41-R41-S41-T41-U41-V41-W41-X41-Y41-Z41-AA41-AB41-AC41-AD41-AE41-AF41-AG41-AH41-AI41-AJ41-AK41-AL41 -> 1900 | AN41: =B41*C41*D41*AM41/1000000000 -> 0.5863952 | AO41: 0.27 | AQ41: =AM41*AO41*33.8783 -> 17379.568
A42: BIRCH WOOD | B42: 9.53 | C42: 63.5 | D42: 550 | E42: 2400 | G42: 45772 | Y42: 1102 | Z42: 998 | AM42: =E42-H42-I42-J42-K42-L42-M42-N42-O42-P42-Q42-R42-S42-T42-U42-V42-W42-X42-Y42-Z42-AA42-AB42-AC42-AD42-AE42-AF42-AG42-AH42-AI42-AJ42-AK42-AL42 -> 300 | AN42: =B42*C42*D42*AM42/1000000000 -> 0.099850575 | AO42: 0.25 | AQ42: =AM42*AO42*33.8783 -> 2540.8725
A43: BIRCH WOOD | B43: 20 | C43: 52 | D43: 510 | E43: 1600 | G43: 45780 | Z43: 127 | AA43: 416 | AM43: =E43-H43-I43-J43-K43-L43-M43-N43-O43-P43-Q43-R43-S43-T43-U43-V43-W43-X43-Y43-Z43-AA43-AB43-AC43-AD43-AE43-AF43-AG43-AH43-AI43-AJ43-AK43-AL43 -> 1057 | AN43: =B43*C43*D43*AM43/1000000000 -> 0.5606328
A44: BIRCH WOOD | B44: 18 | C44: 257 | D44: 550 | E44: 200 | G44: 45780 | AM44: =E44-H44-I44-J44-K44-L44-M44-N44-O44-P44-Q44-R44-S44-T44-U44-V44-W44-X44-Y44-Z44-AA44-AB44-AC44-AD44-AE44-AF44-AG44-AH44-AI44-AJ44-AK44-AL44 -> 200 | AN44: =B44*C44*D44*AM44/1000000000 -> 0.50886
A45: BIRCH WOOD | B45: 20 | C45: 97 | D45: 510 | E45: 360 | G45: 45780 | AM45: =E45-H45-I45-J45-K45-L45-M45-N45-O45-P45-Q45-R45-S45-T45-U45-V45-W45-X45-Y45-Z45-AA45-AB45-AC45-AD45-AE45-AF45-AG45-AH45-AI45-AJ45-AK45-AL45 -> 360 | AN45: =B45*C45*D45*AM45/1000000000 -> 0.356184
A46: BIRCH WOOD | B46: 9.53 | C46: 63.5 | D46: 600 | E46: 2000 | G46: 45780 | AM46: =E46-H46-I46-J46-K46-L46-M46-N46-O46-P46-Q46-R46-S46-T46-U46-V46-W46-X46-Y46-Z46-AA46-AB46-AC46-AD46-AE46-AF46-AG46-AH46-AI46-AJ46-AK46-AL46 -> 2000 | AN46: =B46*C46*D46*AM46/1000000000 -> 0.726186
A47: BIRCH WOOD | B47: 20 | C47: 97 | D47: 510 | E47: 600 | G47: 45780 | AM47: =E47-H47-I47-J47-K47-L47-M47-N47-O47-P47-Q47-R47-S47-T47-U47-V47-W47-X47-Y47-Z47-AA47-AB47-AC47-AD47-AE47-AF47-AG47-AH47-AI47-AJ47-AK47-AL47 -> 600 | AN47: =B47*C47*D47*AM47/1000000000 -> 0.59364
A48: BIRCH WOOD | B48: 20 | C48: 97 | D48: 510 | E48: 360 | G48: 45780 | AM48: =E48-H48-I48-J48-K48-L48-M48-N48-O48-P48-Q48-R48-S48-T48-U48-V48-W48-X48-Y48-Z48-AA48-AB48-AC48-AD48-AE48-AF48-AG48-AH48-AI48-AJ48-AK48-AL48 -> 360 | AN48: =B48*C48*D48*AM48/1000000000 -> 0.356184
A49: BIRCH WOOD | B49: 15.9 | C49: 254 | D49: 520.7 | E49: 270 | G49: 45780 | AM49: =E49-H49-I49-J49-K49-L49-M49-N49-O49-P49-Q49-R49-S49-T49-U49-V49-W49-X49-Y49-Z49-AA49-AB49-AC49-AD49-AE49-AF49-AG49-AH49-AI49-AJ49-AK49-AL49 -> 270 | AN49: =B49*C49*D49*AM49/1000000000 -> 0.56778274
A50: BIRCH WOOD | B50: 15.9 | C50: 254 | D50: 520.7 | E50: 270 | G50: 45780 | AM50: =E50-H50-I50-J50-K50-L50-M50-N50-O50-P50-Q50-R50-S50-T50-U50-V50-W50-X50-Y50-Z50-AA50-AB50-AC50-AD50-AE50-AF50-AG50-AH50-AI50-AJ50-AK50-AL50 -> 270 | AN50: =B50*C50*D50*AM50/1000000000 -> 0.56778274
A51: BIRCH WOOD | B51: 15.9 | C51: 254 | D51: 520.7 | E51: 270 | G51: 45780 | AM51: =E51-H51-I51-J51-K51-L51-M51-N51-O51-P51-Q51-R51-S51-T51-U51-V51-W51-X51-Y51-Z51-AA51-AB51-AC51-AD51-AE51-AF51-AG51-AH51-AI51-AJ51-AK51-AL51 -> 270 | AN51: =B51*C51*D51*AM51/1000000000 -> 0.56778274
A52: BIRCH WOOD | B52: 18 | C52: 257 | D52: 470 | E52: 400 | G52: 45780 | AM52: =E52-H52-I52-J52-K52-L52-M52-N52-O52-P52-Q52-R52-S52-T52-U52-V52-W52-X52-Y52-Z52-AA52-AB52-AC52-AD52-AE52-AF52-AG52-AH52-AI52-AJ52-AK52-AL52 -> 400 | AN52: =B52*C52*D52*AM52/1000000000 -> 0.869688
A53: BIRCH WOOD | B53: 9.53 | C53: 63.5 | D53: 660 | E53: 800 | G53: 45772 | H53: 560 | AG53: 560 | AM53: 240 | AN53: =B53*C53*D53*AM53/1000000000 -> 0.095856552 | AO53: 0.6 | AQ53: =AM53*AO53*33.8783 -> 4878.4752
A54: BIRCH WOOD | B54: 12.3 | C54: 79 | D54: 510 | E54: 600 | G54: 45780 | AM54: =E54-H54-I54-J54-K54-L54-M54-N54-O54-P54-Q54-R54-S54-T54-U54-V54-W54-X54-Y54-Z54-AA54-AB54-AC54-AD54-AE54-AF54-AG54-AH54-AI54-AJ54-AK54-AL54 -> 600 | AN54: =B54*C54*D54*AM54/1000000000 -> 0.2973402
A55: BIRCH WOOD | B55: 21 | C55: 69 | D55: 550 | E55: 600 | G55: 45780 | AM55: =E55-H55-I55-J55-K55-L55-M55-N55-O55-P55-Q55-R55-S55-T55-U55-V55-W55-X55-Y55-Z55-AA55-AB55-AC55-AD55-AE55-AF55-AG55-AH55-AI55-AJ55-AK55-AL55 -> 600 | AN55: =B55*C55*D55*AM55/1000000000 -> 0.47817
A56: BIRCH WOOD | B56: 12.2 | C56: 31.8 | D56: 520 | E56: 2400 | G56: 45780 | W56: 1200 | AE56: 900 | AM56: =E56-H56-I56-J56-K56-L56-M56-N56-O56-P56-Q56-R56-S56-T56-U56-V56-W56-X56-Y56-Z56-AA56-AB56-AC56-AD56-AE56-AF56-AG56-AH56-AI56-AJ56-AK56-AL56 -> 300 | AN56: =B56*C56*D56*AM56/1000000000 -> 0.06052176
A57: BIRCH WOOD | B57: 12.2 | C57: 41.3 | D57: 850 | E57: 1800 | G57: 45780 | N57: 857 | AM57: =E57-H57-I57-J57-K57-L57-M57-N57-O57-P57-Q57-R57-S57-T57-U57-V57-W57-X57-Y57-Z57-AA57-AB57-AC57-AD57-AE57-AF57-AG57-AH57-AI57-AJ57-AK57-AL57 -> 943 | AN57: =B57*C57*D57*AM57/1000000000 -> 0.40386898
A58: BIRCH WOOD | B58: 12.2 | C58: 41.3 | D58: 420 | E58: 3200 | G58: 45780 | AM58: =E58-H58-I58-J58-K58-L58-M58-N58-O58-P58-Q58-R58-S58-T58-U58-V58-W58-X58-Y58-Z58-AA58-AB58-AC58-AD58-AE58-AF58-AG58-AH58-AI58-AJ58-AK58-AL58 -> 3200 | AN58: =B58*C58*D58*AM58/1000000000 -> 0.67718784
A59: BIRCH WOOD | B59: 12.2 | C59: 36 | D59: 410 | E59: 3200 | G59: 45780 | U59: 612 | V59: 600 | AM59: =E59-H59-I59-J59-K59-L59-M59-N59-O59-P59-Q59-R59-S59-T59-U59-V59-W59-X59-Y59-Z59-AA59-AB59-AC59-AD59-AE59-AF59-AG59-AH59-AI59-AJ59-AK59-AL59 -> 1988 | AN59: =B59*C59*D59*AM59/1000000000 -> 0.35798314
A60: BIRCH WOOD | B60: 12.2 | C60: 31.8 | D60: 520 | E60: 2400 | G60: 45780 | P60: 1983 | AM60: =E60-H60-I60-J60-K60-L60-M60-N60-O60-P60-Q60-R60-S60-T60-U60-V60-W60-X60-Y60-Z60-AA60-AB60-AC60-AD60-AE60-AF60-AG60-AH60-AI60-AJ60-AK60-AL60 -> 417 | AN60: =B60*C60*D60*AM60/1000000000 -> 0.084125246
A61: BIRCH WOOD | B61: 12.2 | C61: 31.8 | D61: 630 | E61: 1800 | G61: 45780 | AM61: =E61-H61-I61-J61-K61-L61-M61-N61-O61-P61-Q61-R61-S61-T61-U61-V61-W61-X61-Y61-Z61-AA61-AB61-AC61-AD61-AE61-AF61-AG61-AH61-AI61-AJ61-AK61-AL61 -> 1800 | AN61: =B61*C61*D61*AM61/1000000000 -> 0.43994664
A62: BIRCH WOOD | B62: 20 | C62: 97 | D62: 520 | E62: 496 | G62: 45780 | AM62: =E62-H62-I62-J62-K62-L62-M62-N62-O62-P62-Q62-R62-S62-T62-U62-V62-W62-X62-Y62-Z62-AA62-AB62-AC62-AD62-AE62-AF62-AG62-AH62-AI62-AJ62-AK62-AL62 -> 496 | AN62: =B62*C62*D62*AM62/1000000000 -> 0.5003648
A63: BIRCH WOOD | B63: 11 | C63: 66 | D63: 458 | E63: 840 | G63: 45780 | AM63: =E63-H63-I63-J63-K63-L63-M63-N63-O63-P63-Q63-R63-S63-T63-U63-V63-W63-X63-Y63-Z63-AA63-AB63-AC63-AD63-AE63-AF63-AG63-AH63-AI63-AJ63-AK63-AL63 -> 840 | AN63: =B63*C63*D63*AM63/1000000000 -> 0.27930672
A64: BIRCH WOOD | B64: 12.7 | C64: 41 | D64: 360 | E64: 2000 | G64: 45780 | AM64: =E64-H64-I64-J64-K64-L64-M64-N64-O64-P64-Q64-R64-S64-T64-U64-V64-W64-X64-Y64-Z64-AA64-AB64-AC64-AD64-AE64-AF64-AG64-AH64-AI64-AJ64-AK64-AL64 -> 2000 | AN64: =B64*C64*D64*AM64/1000000000 -> 0.374904
A65: BIRCH WOOD | B65: 13 | C65: 83 | D65: 540 | E65: 468 | G65: 45780 | AM65: =E65-H65-I65-J65-K65-L65-M65-N65-O65-P65-Q65-R65-S65-T65-U65-V65-W65-X65-Y65-Z65-AA65-AB65-AC65-AD65-AE65-AF65-AG65-AH65-AI65-AJ65-AK65-AL65 -> 468 | AN65: =B65*C65*D65*AM65/1000000000 -> 0.27268488
A66: BIRCH WOOD | B66: 18 | C66: 57.2 | D66: 675 | E66: 270 | G66: 45780 | AM66: =E66-H66-I66-J66-K66-L66-M66-N66-O66-P66-Q66-R66-S66-T66-U66-V66-W66-X66-Y66-Z66-AA66-AB66-AC66-AD66-AE66-AF66-AG66-AH66-AI66-AJ66-AK66-AL66 -> 270 | AN66: =B66*C66*D66*AM66/1000000000 -> 0.1876446
A67: BIRCH WOOD | B67: 18 | C67: 63.5 | D67: 561 | E67: 500 | G67: 45780 | AM67: =E67-H67-I67-J67-K67-L67-M67-N67-O67-P67-Q67-R67-S67-T67-U67-V67-W67-X67-Y67-Z67-AA67-AB67-AC67-AD67-AE67-AF67-AG67-AH67-AI67-AJ67-AK67-AL67 -> 500 | AN67: =B67*C67*D67*AM67/1000000000 -> 0.3206115
A68: BIRCH WOOD | B68: 20 | C68: 100 | D68: 870 | E68: 277 | G68: 45780 | AM68: =E68-H68-I68-J68-K68-L68-M68-N68-O68-P68-Q68-R68-S68-T68-U68-V68-W68-X68-Y68-Z68-AA68-AB68-AC68-AD68-AE68-AF68-AG68-AH68-AI68-AJ68-AK68-AL68 -> 277 | AN68: =B68*C68*D68*AM68/1000000000 -> 0.48198
A69: BIRCH WOOD | B69: 12.7 | C69: 63.5 | D69: 493.71 | E69: 600 | G69: 45780 | AM69: =E69-H69-I69-J69-K69-L69-M69-N69-O69-P69-Q69-R69-S69-T69-U69-V69-W69-X69-Y69-Z69-AA69-AB69-AC69-AD69-AE69-AF69-AG69-AH69-AI69-AJ69-AK69-AL69 -> 600 | AN69: =B69*C69*D69*AM69/1000000000 -> 0.23889146
A70: BIRCH WOOD | B70: 14.3 | C70: 57 | D70: 525 | E70: 480 | G70: 45780 | AM70: =E70-H70-I70-J70-K70-L70-M70-N70-O70-P70-Q70-R70-S70-T70-U70-V70-W70-X70-Y70-Z70-AA70-AB70-AC70-AD70-AE70-AF70-AG70-AH70-AI70-AJ70-AK70-AL70 -> 480 | AN70: =B70*C70*D70*AM70/1000000000 -> 0.2054052
A71: BIRCH WOOD | B71: 9.1 | C71: 50.8 | D71: 530 | E71: 1378 | G71: 45780 | AM71: =E71-H71-I71-J71-K71-L71-M71-N71-O71-P71-Q71-R71-S71-T71-U71-V71-W71-X71-Y71-Z71-AA71-AB71-AC71-AD71-AE71-AF71-AG71-AH71-AI71-AJ71-AK71-AL71 -> 1378 | AN71: =B71*C71*D71*AM71/1000000000 -> 0.33762158
A72: BIRCH WOOD | B72: 13.2 | C72: 207 | D72: 543 | E72: 264 | G72: 45780 | AM72: =E72-H72-I72-J72-K72-L72-M72-N72-O72-P72-Q72-R72-S72-T72-U72-V72-W72-X72-Y72-Z72-AA72-AB72-AC72-AD72-AE72-AF72-AG72-AH72-AI72-AJ72-AK72-AL72 -> 264 | AN72: =B72*C72*D72*AM72/1000000000 -> 0.391695
... A80: BIRCH WOOD | B80: 20 | C80: 52 | D80: 830 | E80: 800 | G80: 45780 | AM80: =E80-H80-I80-J80-K80-L80-M80-N80-O80-P80-Q80-R80-S80-T80-U80-V80-W80-X80-Y80-Z80-AA80-AB80-AC80-AD80-AE80-AF80-AG80-AH80-AI80-AJ80-AK80-AL80 -> 800 | AN80: =B80*C80*D80*AM80/1000000000 -> 0.69056
A81: BIRCH WOOD | B81: 20 | C81: 97 | D81: 890 | E81: 550 | G81: 45780 | N81: 241 | AM81: =E81-H81-I81-J81-K81-L81-M81-N81-O81-P81-Q81-R81-S81-T81-U81-V81-W81-X81-Y81-Z81-AA81-AB81-AC81-AD81-AE81-AF81-AG81-AH81-AI81-AJ81-AK81-AL81 -> 309 | AN81: =B81*C81*D81*AM81/1000000000 -> 0.5335194
A82: BIRCH WOOD | B82: 20 | C82: 97 | D82: 550 | E82: 800 | G82: 45780 | AM82: =E82-H82-I82-J82-K82-L82-M82-N82-O82-P82-Q82-R82-S82-T82-U82-V82-W82-X82-Y82-Z82-AA82-AB82-AC82-AD82-AE82-AF82-AG82-AH82-AI82-AJ82-AK82-AL82 -> 800 | AN82: =B82*C82*D82*AM82/1000000000 -> 0.8536
A83: BIRCH WOOD | B83: 15.9 | C83: 166 | D83: 320 | E83: 70 | G83: 45780 | AM83: =E83-H83-I83-J83-K83-L83-M83-N83-O83-P83-Q83-R83-S83-T83-U83-V83-W83-X83-Y83-Z83-AA83-AB83-AC83-AD83-AE83-AF83-AG83-AH83-AI83-AJ83-AK83-AL83 -> 70 | AN83: =B83*C83*D83*AM83/1000000000 -> 0.05912256
A84: BIRCH WOOD | B84: 15.9 | C84: 90 | D84: 480 | E84: 364 | G84: 45780 | AM84: =E84-H84-I84-J84-K84-L84-M84-N84-O84-P84-Q84-R84-S84-T84-U84-V84-W84-X84-Y84-Z84-AA84-AB84-AC84-AD84-AE84-AF84-AG84-AH84-AI84-AJ84-AK84-AL84 -> 364 | AN84: =B84*C84*D84*AM84/1000000000 -> 0.25002432
A85: BIRCH WOOD | B85: 25.8 | C85: 340 | D85: 500 | E85: 447 | G85: 45780 | M85: 250 | AM85: =E85-H85-I85-J85-K85-L85-M85-N85-O85-P85-Q85-R85-S85-T85-U85-V85-W85-X85-Y85-Z85-AA85-AB85-AC85-AD85-AE85-AF85-AG85-AH85-AI85-AJ85-AK85-AL85 -> 197 | AN85: =B85*C85*D85*AM85/1000000000 -> 0.864042
A86: BIRCH WOOD | B86: 12.3 | C86: 41.3 | D86: 850 | E86: 800 | G86: 45780 | AM86: =E86-H86-I86-J86-K86-L86-M86-N86-O86-P86-Q86-R86-S86-T86-U86-V86-W86-X86-Y86-Z86-AA86-AB86-AC86-AD86-AE86-AF86-AG86-AH86-AI86-AJ86-AK86-AL86 -> 800 | AN86: =B86*C86*D86*AM86/1000000000 -> 0.3454332
A87: BIRCH WOOD | B87: 15.9 | C87: 254 | D87: 520.7 | E87: 275 | G87: 45780 | AM87: =E87-H87-I87-J87-K87-L87-M87-N87-O87-P87-Q87-R87-S87-T87-U87-V87-W87-X87-Y87-Z87-AA87-AB87-AC87-AD87-AE87-AF87-AG87-AH87-AI87-AJ87-AK87-AL87 -> 275 | AN87: =B87*C87*D87*AM87/1000000000 -> 0.57829723
A88: BIRCH WOOD | B88: 20 | C88: 97 | D88: 510 | E88: 550 | G88: 45780 | AM88: =E88-H88-I88-J88-K88-L88-M88-N88-O88-P88-Q88-R88-S88-T88-U88-V88-W88-X88-Y88-Z88-AA88-AB88-AC88-AD88-AE88-AF88-AG88-AH88-AI88-AJ88-AK88-AL88 -> 550 | AN88: =B88*C88*D88*AM88/1000000000 -> 0.54417
A89: BIRCH WOOD | B89: 15.9 | C89: 85.7 | D89: 676.3 | E89: 360 | G89: 45780 | AM89: =E89-H89-I89-J89-K89-L89-M89-N89-O89-P89-Q89-R89-S89-T89-U89-V89-W89-X89-Y89-Z89-AA89-AB89-AC89-AD89-AE89-AF89-AG89-AH89-AI89-AJ89-AK89-AL89 -> 360 | AN89: =B89*C89*D89*AM89/1000000000 -> 0.3317568
A90: BIRCH WOOD | B90: 15.9 | C90: 85.7 | D90: 752.5 | E90: 20 | G90: 45780 | AM90: =E90-H90-I90-J90-K90-L90-M90-N90-O90-P90-Q90-R90-S90-T90-U90-V90-W90-X90-Y90-Z90-AA90-AB90-AC90-AD90-AE90-AF90-AG90-AH90-AI90-AJ90-AK90-AL90 -> 20 | AN90: =B90*C90*D90*AM90/1000000000 -> 0.020507582
A91: BIRCH WOOD | B91: 15.9 | C91: 85.7 | D91: 676.3 | E91: 40 | G91: 45780 | AM91: =E91-H91-I91-J91-K91-L91-M91-N91-O91-P91-Q91-R91-S91-T91-U91-V91-W91-X91-Y91-Z91-AA91-AB91-AC91-AD91-AE91-AF91-AG91-AH91-AI91-AJ91-AK91-AL91 -> 40 | AN91: =B91*C91*D91*AM91/1000000000 -> 0.036861867
A92: BIRCH WOOD | B92: 15.9 | C92: 85.7 | D92: 349.3 | E92: 40 | G92: 45780 | AM92: =E92-H92-I92-J92-K92-L92-M92-N92-O92-P92-Q92-R92-S92-T92-U92-V92-W92-X92-Y92-Z92-AA92-AB92-AC92-AD92-AE92-AF92-AG92-AH92-AI92-AJ92-AK92-AL92 -> 40 | AN92: =B92*C92*D92*AM92/1000000000 -> 0.019038666
A93: BIRCH WOOD | B93: 15.9 | C93: 85.7 | D93: 752.5 | E93: 40 | G93: 45780 | AM93: =E93-H93-I93-J93-K93-L93-M93-N93-O93-P93-Q93-R93-S93-T93-U93-V93-W93-X93-Y93-Z93-AA93-AB93-AC93-AD93-AE93-AF93-AG93-AH93-AI93-AJ93-AK93-AL93 -> 40 | AN93: =B93*C93*D93*AM93/1000000000 -> 0.041015163
A94: BIRCH WOOD | B94: 12.2 | C94: 31.8 | D94: 520 | E94: 2400 | G94: 45785 | AE94: 1617 | AM94: =E94-H94-I94-J94-K94-L94-M94-N94-O94-P94-Q94-R94-S94-T94-U94-V94-W94-X94-Y94-Z94-AA94-AB94-AC94-AD94-AE94-AF94-AG94-AH94-AI94-AJ94-AK94-AL94 -> 783 | AN94: =B94*C94*D94*AM94/1000000000 -> 0.15796179
A95: BIRCH WOOD | B95: 20 | C95: 97 | D95: 510 | E95: 360 | G95: 45785 | AM95: =E95-H95-I95-J95-K95-L95-M95-N95-O95-P95-Q95-R95-S95-T95-U95-V95-W95-X95-Y95-Z95-AA95-AB95-AC95-AD95-AE95-AF95-AG95-AH95-AI95-AJ95-AK95-AL95 -> 360 | AN95: =B95*C95*D95*AM95/1000000000 -> 0.356184
A96: BIRCH WOOD | B96: 20 | C96: 97 | D96: 510 | E96: 360 | G96: 45785 | AM96: =E96-H96-I96-J96-K96-L96-M96-N96-O96-P96-Q96-R96-S96-T96-U96-V96-W96-X96-Y96-Z96-AA96-AB96-AC96-AD96-AE96-AF96-AG96-AH96-AI96-AJ96-AK96-AL96 -> 360 | AN96: =B96*C96*D96*AM96/1000000000 -> 0.356184
A97: BIRCH WOOD | B97: 15.9 | C97: 254 | D97: 520.7 | E97: 270 | G97: 45785 | AM97: =E97-H97-I97-J97-K97-L97-M97-N97-O97-P97-Q97-R97-S97-T97-U97-V97-W97-X97-Y97-Z97-AA97-AB97-AC97-AD97-AE97-AF97-AG97-AH97-AI97-AJ97-AK97-AL97 -> 270 | AN97: =B97*C97*D97*AM97/1000000000 -> 0.56778274
A98: BIRCH WOOD | B98: 18 | C98: 257 | D98: 550 | E98: 200 | G98: 45785 | AM98: =E98-H98-I98-J98-K98-L98-M98-N98-O98-P98-Q98-R98-S98-T98-U98-V98-W98-X98-Y98-Z98-AA98-AB98-AC98-AD98-AE98-AF98-AG98-AH98-AI98-AJ98-AK98-AL98 -> 200 | AN98: =B98*C98*D98*AM98/1000000000 -> 0.50886
A99: BIRCH WOOD | B99: 18 | C99: 257 | D99: 550 | E99: 200 | G99: 45785 | AM99: =E99-H99-I99-J99-K99-L99-M99-N99-O99-P99-Q99-R99-S99-T99-U99-V99-W99-X99-Y99-Z99-AA99-AB99-AC99-AD99-AE99-AF99-AG99-AH99-AI99-AJ99-AK99-AL99 -> 200 | AN99: =B99*C99*D99*AM99/1000000000 -> 0.50886
A100: BIRCH WOOD | B100: 15.9 | C100: 254 | D100: 520.7 | E100: 275 | G100: 45785 | AM100: =E100-H100-I100-J100-K100-L100-M100-N100-O100-P100-Q100-R100-S100-T100-U100-V100-W100-X100-Y100-Z100-AA100-AB100-AC100-AD100-AE100-AF100-AG100-AH100-AI100-AJ100-AK100-AL100 -> 275 | AN100: =B100*C100*D100*AM100/1000000000 -> 0.57829723
A101: BIRCH WOOD | B101: 20 | C101: 100 | D101: 513 | E101: 271 | G101: 45785 | AM101: =E101-H101-I101-J101-K101-L101-M101-N101-O101-P101-Q101-R101-S101-T101-U101-V101-W101-X101-Y101-Z101-AA101-AB101-AC101-AD101-AE101-AF101-AG101-AH101-AI101-AJ101-AK101-AL101 -> 271 | AN101: =B101*C101*D101*AM101/1000000000 -> 0.278046
A102: BIRCH WOOD | B102: 45 | C102: 640 | D102: 1250 | E102: 17 | G102: 45785 | AM102: =E102-H102-I102-J102-K102-L102-M102-N102-O102-P102-Q102-R102-S102-T102-U102-V102-W102-X102-Y102-Z102-AA102-AB102-AC102-AD102-AE102-AF102-AG102-AH102-AI102-AJ102-AK102-AL102 -> 17 | AN102: =B102*C102*D102*AM102/1000000000 -> 0.612
A103: BIRCH WOOD | B103: 25 | C103: 150 | D103: 330 | E103: 364 | G103: 45785 | AM103: =E103-H103-I103-J103-K103-L103-M103-N103-O103-P103-Q103-R103-S103-T103-U103-V103-W103-X103-Y103-Z103-AA103-AB103-AC103-AD103-AE103-AF103-AG103-AH103-AI103-AJ103-AK103-AL103 -> 364 | AN103: =B103*C103*D103*AM103/1000000000 -> 0.45045
A104: BIRCH WOOD | B104: 30 | C104: 780 | D104: 1560 | E104: 21 | G104: 45785 | AM104: =E104-H104-I104-J104-K104-L104-M104-N104-O104-P104-Q104-R104-S104-T104-U104-V104-W104-X104-Y104-Z104-AA104-AB104-AC104-AD104-AE104-AF104-AG104-AH104-AI104-AJ104-AK104-AL104 -> 21 | AN104: =B104*C104*D104*AM104/1000000000 -> 0.766584
A105: BIRCH WOOD | B105: 17.1 | C105: 480 | D105: 848 | E105: 40 | G105: 45785 | AM105: =E105-H105-I105-J105-K105-L105-M105-N105-O105-P105-Q105-R105-S105-T105-U105-V105-W105-X105-Y105-Z105-AA105-AB105-AC105-AD105-AE105-AF105-AG105-AH105-AI105-AJ105-AK105-AL105 -> 40 | AN105: =B105*C105*D105*AM105/1000000000 -> 0.27841536
A106: BIRCH WOOD | B106: 17.1 | C106: 480 | D106: 848 | E106: 76 | G106: 45785 | AM106: =E106-H106-I106-J106-K106-L106-M106-N106-O106-P106-Q106-R106-S106-T106-U106-V106-W106-X106-Y106-Z106-AA106-AB106-AC106-AD106-AE106-AF106-AG106-AH106-AI106-AJ106-AK106-AL106 -> 76 | AN106: =B106*C106*D106*AM106/1000000000 -> 0.52898918
... A111: BIRCH WOOD | B111: 20 | C111: 46 | D111: 609 | E111: 554 | G111: 45787 | AM111: =E111-H111-I111-J111-K111-L111-M111-N111-O111-P111-Q111-R111-S111-T111-U111-V111-W111-X111-Y111-Z111-AA111-AB111-AC111-AD111-AE111-AF111-AG111-AH111-AI111-AJ111-AK111-AL111 -> 554 | AN111: =B111*C111*D111*AM111/1000000000 -> 0.31039512
A112: BIRCH WOOD | B112: 20 | C112: 97 | D112: 890 | E112: 400 | G112: 45787 | AA112: 220 | AM112: =E112-H112-I112-J112-K112-L112-M112-N112-O112-P112-Q112-R112-S112-T112-U112-V112-W112-X112-Y112-Z112-AA112-AB112-AC112-AD112-AE112-AF112-AG112-AH112-AI112-AJ112-AK112-AL112 -> 180 | AN112: =B112*C112*D112*AM112/1000000000 -> 0.310788
A113: BIRCH WOOD | B113: 20 | C113: 97 | D113: 510 | E113: 360 | G113: 45787 | AM113: =E113-H113-I113-J113-K113-L113-M113-N113-O113-P113-Q113-R113-S113-T113-U113-V113-W113-X113-Y113-Z113-AA113-AB113-AC113-AD113-AE113-AF113-AG113-AH113-AI113-AJ113-AK113-AL113 -> 360 | AN113: =B113*C113*D113*AM113/1000000000 -> 0.356184
...

Sheet TAIWAN (Rev)
A1: TYPE | B1: T | C1: W | D1: L | E1: PCS | F1: IN DATE | G1: OUT DATE - JULY | AL1: BALANCE | AM1: m3 | AN1: USD/PCS | AO1: USD/m3 | AP1: USD to THB
G2: 1 | H2: 2 | I2: 3 | J2: 4 | K2: 5 | L2: 6 | M2: 7 | N2: 8 | O2: 9 | P2: 10 | Q2: 11 | R2: 12 | S2: 13 | T2: 14 | U2: 15 | V2: 16 | W2: 17 | X2: 18 | Y2: 19 | Z2: 20 | AA2: 21 | AB2: 22 | AC2: 23 | AD2: 24 | AE2: 25 | AF2: 26 | AG2: 27 | AH2: 28 | AI2: 29 | AJ2: 30 | AK2: 31
A3: Birch | B3: 20 | C3: 46 | D3: 609 | E3: 554 | AL3: =E3-G3-H3-I3-J3-K3-L3-M3-N3-O3-P3-Q3-R3-S3-T3-U3-V3-W3-X3-Y3-Z3-AA3-AB3-AC3-AD3-AE3-AF3-AG3-AH3-AI3-AJ3-AK3 -> 554 | AM3: =B3*C3*D3*AL3/1000000000 -> 0.31039512
A4: Poplar | B4: 13 | C4: 80 | D4: 830 | E4: 173 | AL4: =E4-G4-H4-I4-J4-K4-L4-M4-N4-O4-P4-Q4-R4-S4-T4-U4-V4-W4-X4-Y4-Z4-AA4-AB4-AC4-AD4-AE4-AF4-AG4-AH4-AI4-AJ4-AK4 -> 173 | AM4: =B4*C4*D4*AL4/1000000000 -> 0.1493336
A5: Poplar | B5: 13 | C5: 80 | D5: 640 | E5: 220 | AL5: =E5-G5-H5-I5-J5-K5-L5-M5-N5-O5-P5-Q5-R5-S5-T5-U5-V5-W5-X5-Y5-Z5-AA5-AB5-AC5-AD5-AE5-AF5-AG5-AH5-AI5-AJ5-AK5 -> 220 | AM5: =B5*C5*D5*AL5/1000000000 -> 0.146432
A6: Poplar | B6: 13.7 | C6: 1080 | D6: 950 | E6: 17 | AL6: =E6-G6-H6-I6-J6-K6-L6-M6-N6-O6-P6-Q6-R6-S6-T6-U6-V6-W6-X6-Y6-Z6-AA6-AB6-AC6-AD6-AE6-AF6-AG6-AH6-AI6-AJ6-AK6 -> 17 | AM6: =B6*C6*D6*AL6/1000000000 -> 0.2389554
A7: Poplar | B7: 13.7 | C7: 162 | D7: 460 | E7: 210 | AL7: =E7-G7-H7-I7-J7-K7-L7-M7-N7-O7-P7-Q7-R7-S7-T7-U7-V7-W7-X7-Y7-Z7-AA7-AB7-AC7-AD7-AE7-AF7-AG7-AH7-AI7-AJ7-AK7 -> 210 | AM7: =B7*C7*D7*AL7/1000000000 -> 0.21439404
A8: Rubber | B8: 15.9 | C8: 161.9 | D8: 480 | E8: 120 | AL8: =E8-G8-H8-I8-J8-K8-L8-M8-N8-O8-P8-Q8-R8-S8-T8-U8-V8-W8-X8-Y8-Z8-AA8-AB8-AC8-AD8-AE8-AF8-AG8-AH8-AI8-AJ8-AK8 -> 120 | AM8: =B8*C8*D8*AL8/1000000000 -> 0.1482745
A9: Rubber | B9: 15.9 | C9: 161.9 | D9: 700 | E9: 78 | AL9: =E9-G9-H9-I9-J9-K9-L9-M9-N9-O9-P9-Q9-R9-S9-T9-U9-V9-W9-X9-Y9-Z9-AA9-AB9-AC9-AD9-AE9-AF9-AG9-AH9-AI9-AJ9-AK9 -> 78 | AM9: =B9*C9*D9*AL9/1000000000 -> 0.14055187
A10: Rubber | B10: 15.9 | C10: 161.9 | D10: 540 | E10: 120 | AL10: =E10-G10-H10-I10-J10-K10-L10-M10-N10-O10-P10-Q10-R10-S10-T10-U10-V10-W10-X10-Y10-Z10-AA10-AB10-AC10-AD10-AE10-AF10-AG10-AH10-AI10-AJ10-AK10 -> 120 | AM10: =B10*C10*D10*AL10/1000000000 -> 0.16680881
A11: Poplar | B11: 12.7 | C11: 203.2 | D11: 523.6 | E11: 376 | AL11: =E11-G11-H11-I11-J11-K11-L11-M11-N11-O11-P11-Q11-R11-S11-T11-U11-V11-W11-X11-Y11-Z11-AA11-AB11-AC11-AD11-AE11-AF11-AG11-AH11-AI11-AJ11-AK11 -> 376 | AM11: =B11*C11*D11*AL11/1000000000 -> 0.50805989
A12: Rubber | B12: 15.9 | C12: 161.9 | D12: 444.5 | E12: 150 | AL12: =E12-G12-H12-I12-J12-K12-L12-M12-N12-O12-P12-Q12-R12-S12-T12-U12-V12-W12-X12-Y12-Z12-AA12-AB12-AC12-AD12-AE12-AF12-AG12-AH12-AI12-AJ12-AK12 -> 150 | AM12: =B12*C12*D12*AL12/1000000000 -> 0.17163545
A13: Rubber | B13: 15.9 | C13: 161.9 | D13: 676.3 | E13: 40 | AL13: =E13-G13-H13-I13-J13-K13-L13-M13-N13-O13-P13-Q13-R13-S13-T13-U13-V13-W13-X13-Y13-Z13-AA13-AB13-AC13-AD13-AE13-AF13-AG13-AH13-AI13-AJ13-AK13 -> 40 | AM13: =B13*C13*D13*AL13/1000000000 -> 0.069637529
A14: Rubber | B14: 15.9 | C14: 161.9 | D14: 447.7 | E14: 70 | AL14: =E14-G14-H14-I14-J14-K14-L14-M14-N14-O14-P14-Q14-R14-S14-T14-U14-V14-W14-X14-Y14-Z14-AA14-AB14-AC14-AD14-AE14-AF14-AG14-AH14-AI14-AJ14-AK14 -> 70 | AM14: =B14*C14*D14*AL14/1000000000 -> 0.080673167
... A158: Birch | B158: 12 | C158: 41.3 | D158: 850 | E158: 800 | AL158: =E158-G158-H158-I158-J158-K158-L158-M158-N158-O158-P158-Q158-R158-S158-T158-U158-V158-W158-X158-Y158-Z158-AA158-AB158-AC158-AD158-AE158-AF158-AG158-AH158-AI158-AJ158-AK158 -> 800 | AM158: =B158*C158*D158*AL158/1000000000 -> 0.337008
A159: Birch | B159: 12 | C159: 41.3 | D159: 850 | E159: 1800 | P159: 857 | AL159: =E159-G159-H159-I159-J159-K159-L159-M159-N159-O159-P159-Q159-R159-S159-T159-U159-V159-W159-X159-Y159-Z159-AA159-AB159-AC159-AD159-AE159-AF159-AG159-AH159-AI159-AJ159-AK159 -> 943 | AM159: =B159*C159*D159*AL159/1000000000 -> 0.39724818
A160: Birch | B160: 12 | C160: 41.3 | D160: 850 | E160: 1500 | AL160: =E160-G160-H160-I160-J160-K160-L160-M160-N160-O160-P160-Q160-R160-S160-T160-U160-V160-W160-X160-Y160-Z160-AA160-AB160-AC160-AD160-AE160-AF160-AG160-AH160-AI160-AJ160-AK160 -> 1500 | AM160: =B160*C160*D160*AL160/1000000000 -> 0.63189
A161: Birch | B161: 12 | C161: 41.3 | D161: 700 | E161: 1500 | AL161: =E161-G161-H161-I161-J161-K161-L161-M161-N161-O161-P161-Q161-R161-S161-T161-U161-V161-W161-X161-Y161-Z161-AA161-AB161-AC161-AD161-AE161-AF161-AG161-AH161-AI161-AJ161-AK161 -> 1500 | AM161: =B161*C161*D161*AL161/1000000000 -> 0.52038
A162: Birch | B162: 12 | C162: 41.3 | D162: 700 | E162: 1800 | AL162: =E162-G162-H162-I162-J162-K162-L162-M162-N162-O162-P162-Q162-R162-S162-T162-U162-V162-W162-X162-Y162-Z162-AA162-AB162-AC162-AD162-AE162-AF162-AG162-AH162-AI162-AJ162-AK162 -> 1800 | AM162: =B162*C162*D162*AL162/1000000000 -> 0.624456
A163: Birch | B163: 12 | C163: 41.3 | D163: 700 | E163: 760 | AL163: =E163-G163-H163-I163-J163-K163-L163-M163-N163-O163-P163-Q163-R163-S163-T163-U163-V163-W163-X163-Y163-Z163-AA163-AB163-AC163-AD163-AE163-AF163-AG163-AH163-AI163-AJ163-AK163 -> 760 | AM163: =B163*C163*D163*AL163/1000000000 -> 0.2636592
A164: Birch | B164: 12 | C164: 41.3 | D164: 420 | E164: 1500 | AL164: =E164-G164-H164-I164-J164-K164-L164-M164-N164-O164-P164-Q164-R164-S164-T164-U164-V164-W164-X164-Y164-Z164-AA164-AB164-AC164-AD164-AE164-AF164-AG164-AH164-AI164-AJ164-AK164 -> 1500 | AM164: =B164*C164*D164*AL164/1000000000 -> 0.312228
A165: Birch | B165: 12 | C165: 41.3 | D165: 350 | E165: 2200 | AL165: =E165-G165-H165-I165-J165-K165-L165-M165-N165-O165-P165-Q165-R165-S165-T165-U165-V165-W165-X165-Y165-Z165-AA165-AB165-AC165-AD165-AE165-AF165-AG165-AH165-AI165-AJ165-AK165 -> 2200 | AM165: =B165*C165*D165*AL165/1000000000 -> 0.381612
A166: Birch | B166: 12 | C166: 36 | D166: 410 | E166: 1545 | AL166: =E166-G166-H166-I166-J166-K166-L166-M166-N166-O166-P166-Q166-R166-S166-T166-U166-V166-W166-X166-Y166-Z166-AA166-AB166-AC166-AD166-AE166-AF166-AG166-AH166-AI166-AJ166-AK166 -> 1545 | AM166: =B166*C166*D166*AL166/1000000000 -> 0.2736504
A167: Birch | B167: 12 | C167: 31.8 | D167: 630 | E167: 600 | AL167: =E167-G167-H167-I167-J167-K167-L167-M167-N167-O167-P167-Q167-R167-S167-T167-U167-V167-W167-X167-Y167-Z167-AA167-AB167-AC167-AD167-AE167-AF167-AG167-AH167-AI167-AJ167-AK167 -> 600 | AM167: =B167*C167*D167*AL167/1000000000 -> 0.1442448
A168: Birch | B168: 12 | C168: 31.8 | D168: 630 | E168: 490 | AL168: =E168-G168-H168-I168-J168-K168-L168-M168-N168-O168-P168-Q168-R168-S168-T168-U168-V168-W168-X168-Y168-Z168-AA168-AB168-AC168-AD168-AE168-AF168-AG168-AH168-AI168-AJ168-AK168 -> 490 | AM168: =B168*C168*D168*AL168/1000000000 -> 0.11779992
A169: Birch | B169: 12 | C169: 31.8 | D169: 520 | E169: 3800 | AL169: =E169-G169-H169-I169-J169-K169-L169-M169-N169-O169-P169-Q169-R169-S169-T169-U169-V169-W169-X169-Y169-Z169-AA169-AB169-AC169-AD169-AE169-AF169-AG169-AH169-AI169-AJ169-AK169 -> 3800 | AM169: =B169*C169*D169*AL169/1000000000 -> 0.7540416
A170: Birch | B170: 12 | C170: 31.8 | D170: 520 | E170: 620 | AL170: =E170-G170-H170-I170-J170-K170-L170-M170-N170-O170-P170-Q170-R170-S170-T170-U170-V170-W170-X170-Y170-Z170-AA170-AB170-AC170-AD170-AE170-AF170-AG170-AH170-AI170-AJ170-AK170 -> 620 | AM170: =B170*C170*D170*AL170/1000000000 -> 0.12302784
A171: Birch | B171: 12 | C171: 31.8 | D171: 520 | E171: 1200 | AL171: =E171-G171-H171-I171-J171-K171-L171-M171-N171-O171-P171-Q171-R171-S171-T171-U171-V171-W171-X171-Y171-Z171-AA171-AB171-AC171-AD171-AE171-AF171-AG171-AH171-AI171-AJ171-AK171 -> 1200 | AM171: =B171*C171*D171*AL171/1000000000 -> 0.2381184
A172: Birch | B172: 12 | C172: 31.8 | D172: 520 | E172: 2400 | AC172: 1617 | AL172: =E172-G172-H172-I172-J172-K172-L172-M172-N172-O172-P172-Q172-R172-S172-T172-U172-V172-W172-X172-Y172-Z172-AA172-AB172-AC172-AD172-AE172-AF172-AG172-AH172-AI172-AJ172-AK172 -> 783 | AM172: =B172*C172*D172*AL172/1000000000 -> 0.15537226
A173: Birch | B173: 12 | C173: 31.8 | D173: 520 | E173: 600 | AL173: =E173-G173-H173-I173-J173-K173-L173-M173-N173-O173-P173-Q173-R173-S173-T173-U173-V173-W173-X173-Y173-Z173-AA173-AB173-AC173-AD173-AE173-AF173-AG173-AH173-AI173-AJ173-AK173 -> 600 | AM173: =B173*C173*D173*AL173/1000000000 -> 0.1190592
A174: Birch | B174: 12 | C174: 31.8 | D174: 520 | E174: 2400 | AL174: =E174-G174-H174-I174-J174-K174-L174-M174-N174-O174-P174-Q174-R174-S174-T174-U174-V174-W174-X174-Y174-Z174-AA174-AB174-AC174-AD174-AE174-AF174-AG174-AH174-AI174-AJ174-AK174 -> 2400 | AM174: =B174*C174*D174*AL174/1000000000 -> 0.4762368
A175: Birch | B175: 12 | C175: 79 | D175: 510 | E175: 600 | AL175: =E175-G175-H175-I175-J175-K175-L175-M175-N175-O175-P175-Q175-R175-S175-T175-U175-V175-W175-X175-Y175-Z175-AA175-AB175-AC175-AD175-AE175-AF175-AG175-AH175-AI175-AJ175-AK175 -> 600 | AM175: =B175*C175*D175*AL175/1000000000 -> 0.290088
A176: Birch | B176: 12 | C176: 79 | D176: 510 | E176: 600 | AL176: =E176-G176-H176-I176-J176-K176-L176-M176-N176-O176-P176-Q176-R176-S176-T176-U176-V176-W176-X176-Y176-Z176-AA176-AB176-AC176-AD176-AE176-AF176-AG176-AH176-AI176-AJ176-AK176 -> 600 | AM176: =B176*C176*D176*AL176/1000000000 -> 0.290088
A177: Birch | B177: 16 | C177: 254 | D177: 520.7 | E177: 470 | AL177: =E177-G177-H177-I177-J177-K177-L177-M177-N177-O177-P177-Q177-R177-S177-T177-U177-V177-W177-X177-Y177-Z177-AA177-AB177-AC177-AD177-AE177-AF177-AG177-AH177-AI177-AJ177-AK177 -> 470 | AM177: =B177*C177*D177*AL177/1000000000 -> 0.99457866
A178: Birch | B178: 16 | C178: 254 | D178: 520.7 | E178: 390 | AL178: =E178-G178-H178-I178-J178-K178-L178-M178-N178-O178-P178-Q178-R178-S178-T178-U178-V178-W178-X178-Y178-Z178-AA178-AB178-AC178-AD178-AE178-AF178-AG178-AH178-AI178-AJ178-AK178 -> 390 | AM178: =B178*C178*D178*AL178/1000000000 -> 0.82528867
A179: Birch | B179: 16 | C179: 254 | D179: 520.7 | E179: 540 | AL179: =E179-G179-H179-I179-J179-K179-L179-M179-N179-O179-P179-Q179-R179-S179-T179-U179-V179-W179-X179-Y179-Z179-AA179-AB179-AC179-AD179-AE179-AF179-AG179-AH179-AI179-AJ179-AK179 -> 540 | AM179: =B179*C179*D179*AL179/1000000000 -> 1.1427074
A180: Birch | B180: 16 | C180: 254 | D180: 520.7 | E180: 540 | AL180: =E180-G180-H180-I180-J180-K180-L180-M180-N180-O180-P180-Q180-R180-S180-T180-U180-V180-W180-X180-Y180-Z180-AA180-AB180-AC180-AD180-AE180-AF180-AG180-AH180-AI180-AJ180-AK180 -> 540 | AM180: =B180*C180*D180*AL180/1000000000 -> 1.1427074
A181: Birch | B181: 20 | C181: 52 | D181: 690 | E181: 1000 | AL181: =E181-G181-H181-I181-J181-K181-L181-M181-N181-O181-P181-Q181-R181-S181-T181-U181-V181-W181-X181-Y181-Z181-AA181-AB181-AC181-AD181-AE181-AF181-AG181-AH181-AI181-AJ181-AK181 -> 1000 | AM181: =B181*C181*D181*AL181/1000000000 -> 0.7176
A182: Birch | B182: 20 | C182: 52 | D182: 690 | E182: 800 | AB182: 210 | AL182: =E182-G182-H182-I182-J182-K182-L182-M182-N182-O182-P182-Q182-R182-S182-T182-U182-V182-W182-X182-Y182-Z182-AA182-AB182-AC182-AD182-AE182-AF182-AG182-AH182-AI182-AJ182-AK182 -> 590 | AM182: =B182*C182*D182*AL182/1000000000 -> 0.423384 | AP182: =AL182*AN182*33.8783 -> 0
A183: Birch | B183: 20 | C183: 52 | D183: 830 | E183: 1010 | AL183: =E183-G183-H183-I183-J183-K183-L183-M183-N183-O183-P183-Q183-R183-S183-T183-U183-V183-W183-X183-Y183-Z183-AA183-AB183-AC183-AD183-AE183-AF183-AG183-AH183-AI183-AJ183-AK183 -> 1010 | AM183: =B183*C183*D183*AL183/1000000000 -> 0.871832 | AP183: =AL183*AN183*33.8783 -> 0
A184: Birch | B184: 20 | C184: 52 | D184: 830 | E184: 1090 | AL184: =E184-G184-H184-I184-J184-K184-L184-M184-N184-O184-P184-Q184-R184-S184-T184-U184-V184-W184-X184-Y184-Z184-AA184-AB184-AC184-AD184-AE184-AF184-AG184-AH184-AI184-AJ184-AK184 -> 1090 | AM184: =B184*C184*D184*AL184/1000000000 -> 0.940888
A185: Birch | B185: 20 | C185: 97 | D185: 510 | E185: 1210 | X185: 376 | AL185: =E185-G185-H185-I185-J185-K185-L185-M185-N185-O185-P185-Q185-R185-S185-T185-U185-V185-W185-X185-Y185-Z185-AA185-AB185-AC185-AD185-AE185-AF185-AG185-AH185-AI185-AJ185-AK185 -> 834 | AM185: =B185*C185*D185*AL185/1000000000 -> 0.8251596
A186: Birch | B186: 20 | C186: 97 | D186: 510 | E186: 1010 | AL186: =E186-G186-H186-I186-J186-K186-L186-M186-N186-O186-P186-Q186-R186-S186-T186-U186-V186-W186-X186-Y186-Z186-AA186-AB186-AC186-AD186-AE186-AF186-AG186-AH186-AI186-AJ186-AK186 -> 1010 | AM186: =B186*C186*D186*AL186/1000000000 -> 0.999294
A187: Birch | B187: 20 | C187: 97 | D187: 510 | E187: 850 | AL187: =E187-G187-H187-I187-J187-K187-L187-M187-N187-O187-P187-Q187-R187-S187-T187-U187-V187-W187-X187-Y187-Z187-AA187-AB187-AC187-AD187-AE187-AF187-AG187-AH187-AI187-AJ187-AK187 -> 850 | AM187: =B187*C187*D187*AL187/1000000000 -> 0.84099
A188: Birch | B188: 20 | C188: 97 | D188: 510 | E188: 1210 | AL188: =E188-G188-H188-I188-J188-K188-L188-M188-N188-O188-P188-Q188-R188-S188-T188-U188-V188-W188-X188-Y188-Z188-AA188-AB188-AC188-AD188-AE188-AF188-AG188-AH188-AI188-AJ188-AK188 -> 1210 | AM188: =B188*C188*D188*AL188/1000000000 -> 1.197174
A189: Birch | B189: 20 | C189: 97 | D189: 510 | E189: 1210 | AL189: =E189-G189-H189-I189-J189-K189-L189-M189-N189-O189-P189-Q189-R189-S189-T189-U189-V189-W189-X189-Y189-Z189-AA189-AB189-AC189-AD189-AE189-AF189-AG189-AH189-AI189-AJ189-AK189 -> 1210 | AM189: =B189*C189*D189*AL189/1000000000 -> 1.197174
A190: Birch | B190: 20 | C190: 97 | D190: 510 | E190: 800 | AL190: =E190-G190-H190-I190-J190-K190-L190-M190-N190-O190-P190-Q190-R190-S190-T190-U190-V190-W190-X190-Y190-Z190-AA190-AB190-AC190-AD190-AE190-AF190-AG190-AH190-AI190-AJ190-AK190 -> 800 | AM190: =B190*C190*D190*AL190/1000000000 -> 0.79152
A191: Birch | B191: 20 | C191: 97 | D191: 510 | E191: 1210 | AL191: =E191-G191-H191-I191-J191-K191-L191-M191-N191-O191-P191-Q191-R191-S191-T191-U191-V191-W191-X191-Y191-Z191-AA191-AB191-AC191-AD191-AE191-AF191-AG191-AH191-AI191-AJ191-AK191 -> 1210 | AM191: =B191*C191*D191*AL191/1000000000 -> 1.197174
A192: Birch | B192: 20 | C192: 97 | D192: 510 | E192: 1210 | AL192: =E192-G192-H192-I192-J192-K192-L192-M192-N192-O192-P192-Q192-R192-S192-T192-U192-V192-W192-X192-Y192-Z192-AA192-AB192-AC192-AD192-AE192-AF192-AG192-AH192-AI192-AJ192-AK192 -> 1210 | AM192: =B192*C192*D192*AL192/1000000000 -> 1.197174
A193: Birch | B193: 20 | C193: 97 | D193: 510 | E193: 1210 | AL193: =E193-G193-H193-I193-J193-K193-L193-M193-N193-O193-P193-Q193-R193-S193-T193-U193-V193-W193-X193-Y193-Z193-AA193-AB193-AC193-AD193-AE193-AF193-AG193-AH193-AI193-AJ193-AK193 -> 1210 | AM193: =B193*C193*D193*AL193/1000000000 -> 1.197174
A194: Birch | B194: 20 | C194: 97 | D194: 510 | E194: 800 | AL194: =E194-G194-H194-I194-J194-K194-L194-M194-N194-O194-P194-Q194-R194-S194-T194-U194-V194-W194-X194-Y194-Z194-AA194-AB194-AC194-AD194-AE194-AF194-AG194-AH194-AI194-AJ194-AK194 -> 800 | AM194: =B194*C194*D194*AL194/1000000000 -> 0.79152
A195: Birch | B195: 20 | C195: 97 | D195: 510 | E195: 1600 | AL195: =E195-G195-H195-I195-J195-K195-L195-M195-N195-O195-P195-Q195-R195-S195-T195-U195-V195-W195-X195-Y195-Z195-AA195-AB195-AC195-AD195-AE195-AF195-AG195-AH195-AI195-AJ195-AK195 -> 1600 | AM195: =B195*C195*D195*AL195/1000000000 -> 1.58304
A196: Birch | B196: 20 | C196: 97 | D196: 510 | E196: 1600 | AL196: =E196-G196-H196-I196-J196-K196-L196-M196-N196-O196-P196-Q196-R196-S196-T196-U196-V196-W196-X196-Y196-Z196-AA196-AB196-AC196-AD196-AE196-AF196-AG196-AH196-AI196-AJ196-AK196 -> 1600 | AM196: =B196*C196*D196*AL196/1000000000 -> 1.58304
A197: Birch | B197: 20 | C197: 97 | D197: 510 | E197: 1060 | AL197: =E197-G197-H197-I197-J197-K197-L197-M197-N197-O197-P197-Q197-R197-S197-T197-U197-V197-W197-X197-Y197-Z197-AA197-AB197-AC197-AD197-AE197-AF197-AG197-AH197-AI197-AJ197-AK197 -> 1060 | AM197: =B197*C197*D197*AL197/1000000000 -> 1.048764
... A223: PULL OUT BOARD | B223: 18 | C223: 720 | D223: 1220 | E223: 57 | AL223: =E223-G223-H223-I223-J223-K223-L223-M223-N223-O223-P223-Q223-R223-S223-T223-U223-V223-W223-X223-Y223-Z223-AA223-AB223-AC223-AD223-AE223-AF223-AG223-AH223-AI223-AJ223-AK223 -> 57 | AM223: =B223*C223*D223*AL223/1000000000 -> 0.9012384
AM224: =SUM(AM3:AM223) -> 107.52894

Sheet VIETNAM
B1: T | C1: W | D1: L | E1: PCS | F1: INV | G1: IN DATE | H1: OUT DATE - JULY | AM1: BALANCE | AN1: m3 | AO1: USD/PCS | AP1: USD/m3 | AQ1: USD to THB
H2: 1 | I2: 2 | J2: 3 | K2: 4 | L2: 5 | M2: 6 | N2: 7 | O2: 8 | P2: 9 | Q2: 10 | R2: 11 | S2: 12 | T2: 13 | U2: 14 | V2: 15 | W2: 16 | X2: 17 | Y2: 18 | Z2: 19 | AA2: 20 | AB2: 21 | AC2: 22 | AD2: 23 | AE2: 24 | AF2: 25 | AG2: 26 | AH2: 27 | AI2: 28 | AJ2: 29 | AK2: 30 | AL2: 31
A3: MDF-BIRCH | B3: 5.3 | C3: 1220 | D3: 2440 | E3: 137 | F3: GW-TM260207 | G3: 46098 | AM3: =E3-H3-I3-J3-K3-L3-M3-N3-O3-P3-Q3-R3-S3-T3-U3-V3-W3-X3-Y3-Z3-AA3-AB3-AC3-AD3-AE3-AF3-AG3-AH3-AI3-AJ3-AK3-AL3 -> 137 | AN3: =B3*C3*D3*AM3/1000000000 -> 2.1614545 | AO3: =15.5*31.3303 -> 485.61965 | AQ3: =AO3*AM3 -> 66529.892
A4: MDF-BIRCH | B4: 5.3 | C4: 1220 | D4: 2440 | E4: 170 | F4: GW-TM260207 | G4: 46098 | AM4: =E4-H4-I4-J4-K4-L4-M4-N4-O4-P4-Q4-R4-S4-T4-U4-V4-W4-X4-Y4-Z4-AA4-AB4-AC4-AD4-AE4-AF4-AG4-AH4-AI4-AJ4-AK4-AL4 -> 170 | AN4: =B4*C4*D4*AM4/1000000000 -> 2.6820968 | AO4: =15.5*31.3303 -> 485.61965 | AQ4: =AO4*AM4 -> 82555.341
A5: MDF-BIRCH | B5: 5.3 | C5: 1220 | D5: 2440 | E5: 170 | F5: GW-TM260207 | G5: 46098 | AM5: =E5-H5-I5-J5-K5-L5-M5-N5-O5-P5-Q5-R5-S5-T5-U5-V5-W5-X5-Y5-Z5-AA5-AB5-AC5-AD5-AE5-AF5-AG5-AH5-AI5-AJ5-AK5-AL5 -> 170 | AN5: =B5*C5*D5*AM5/1000000000 -> 2.6820968 | AO5: =15.5*31.3303 -> 485.61965 | AQ5: =AO5*AM5 -> 82555.341
A6: MDF-BIRCH | B6: 5.3 | C6: 1220 | D6: 2440 | E6: 170 | F6: GW-TM260207 | G6: 46098 | AM6: =E6-H6-I6-J6-K6-L6-M6-N6-O6-P6-Q6-R6-S6-T6-U6-V6-W6-X6-Y6-Z6-AA6-AB6-AC6-AD6-AE6-AF6-AG6-AH6-AI6-AJ6-AK6-AL6 -> 170 | AN6: =B6*C6*D6*AM6/1000000000 -> 2.6820968 | AO6: =15.5*31.3303 -> 485.61965 | AQ6: =AO6*AM6 -> 82555.341
A7: MDF-BIRCH | B7: 5.3 | C7: 1220 | D7: 2440 | E7: 170 | F7: GW-TM260207 | G7: 46098 | AM7: =E7-H7-I7-J7-K7-L7-M7-N7-O7-P7-Q7-R7-S7-T7-U7-V7-W7-X7-Y7-Z7-AA7-AB7-AC7-AD7-AE7-AF7-AG7-AH7-AI7-AJ7-AK7-AL7 -> 170 | AN7: =B7*C7*D7*AM7/1000000000 -> 2.6820968 | AO7: =15.5*31.3303 -> 485.61965 | AQ7: =AO7*AM7 -> 82555.341
A8: MDF-BIRCH | B8: 5.3 | C8: 1220 | D8: 2440 | E8: 170 | F8: GW-TM260207 | G8: 46098 | AM8: =E8-H8-I8-J8-K8-L8-M8-N8-O8-P8-Q8-R8-S8-T8-U8-V8-W8-X8-Y8-Z8-AA8-AB8-AC8-AD8-AE8-AF8-AG8-AH8-AI8-AJ8-AK8-AL8 -> 170 | AN8: =B8*C8*D8*AM8/1000000000 -> 2.6820968 | AO8: =15.5*31.3303 -> 485.61965 | AQ8: =AO8*AM8 -> 82555.341
A9: MDF-BIRCH | B9: 5.3 | C9: 1220 | D9: 2440 | E9: 8 | F9: GW-TM260207 | G9: 46098 | AM9: =E9-H9-I9-J9-K9-L9-M9-N9-O9-P9-Q9-R9-S9-T9-U9-V9-W9-X9-Y9-Z9-AA9-AB9-AC9-AD9-AE9-AF9-AG9-AH9-AI9-AJ9-AK9-AL9 -> 8 | AN9: =B9*C9*D9*AM9/1000000000 -> 0.12621632 | AO9: =15.5*31.3303 -> 485.61965 | AQ9: =AO9*AM9 -> 3884.9572
A10: PLYWOOD-BIRCH | B10: 6 | C10: 1220 | D10: 2440 | E10: 166 | F10: GW-TM260207 | G10: 46098 | AM10: =E10-H10-I10-J10-K10-L10-M10-N10-O10-P10-Q10-R10-S10-T10-U10-V10-W10-X10-Y10-Z10-AA10-AB10-AC10-AD10-AE10-AF10-AG10-AH10-AI10-AJ10-AK10-AL10 -> 166 | AN10: =B10*C10*D10*AM10/1000000000 -> 2.9648928 | AO10: =9.8*31.3303 -> 307.03694 | AQ10: =AO10*AM10 -> 50968.132
A11: PLYWOOD-BIRCH | B11: 9 | C11: 1220 | D11: 2440 | E11: 105 | F11: GW-TM260207 | G11: 46098 | AM11: =E11-H11-I11-J11-K11-L11-M11-N11-O11-P11-Q11-R11-S11-T11-U11-V11-W11-X11-Y11-Z11-AA11-AB11-AC11-AD11-AE11-AF11-AG11-AH11-AI11-AJ11-AK11-AL11 -> 105 | AN11: =B11*C11*D11*AM11/1000000000 -> 2.813076 | AO11: =13*31.3303 -> 407.2939 | AQ11: =AO11*AM11 -> 42765.859
A12: PLYWOOD-BIRCH | B12: 18 | C12: 1220 | D12: 2440 | E12: 53 | F12: GW-TM260207 | G12: 46098 | AM12: =E12-H12-I12-J12-K12-L12-M12-N12-O12-P12-Q12-R12-S12-T12-U12-V12-W12-X12-Y12-Z12-AA12-AB12-AC12-AD12-AE12-AF12-AG12-AH12-AI12-AJ12-AK12-AL12 -> 53 | AN12: =B12*C12*D12*AM12/1000000000 -> 2.8398672 | AO12: =13*31.3303 -> 407.2939 | AQ12: =AO12*AM12 -> 21586.577
A13: PLYWOOD-BIRCH | B13: 18 | C13: 1220 | D13: 2440 | E13: 53 | F13: GW-TM260207 | G13: 46098 | AM13: =E13-H13-I13-J13-K13-L13-M13-N13-O13-P13-Q13-R13-S13-T13-U13-V13-W13-X13-Y13-Z13-AA13-AB13-AC13-AD13-AE13-AF13-AG13-AH13-AI13-AJ13-AK13-AL13 -> 53 | AN13: =B13*C13*D13*AM13/1000000000 -> 2.8398672 | AO13: =22.5*31.3303 -> 704.93175 | AQ13: =AO13*AM13 -> 37361.383
A14: PLYWOOD-BIRCH | B14: 5.3 | C14: 1220 | D14: 2440 | E14: 200 | F14: GW-TM260410 | G14: 46139 | AM14: =E14-H14-I14-J14-K14-L14-M14-N14-O14-P14-Q14-R14-S14-T14-U14-V14-W14-X14-Y14-Z14-AA14-AB14-AC14-AD14-AE14-AF14-AG14-AH14-AI14-AJ14-AK14-AL14 -> 200 | AN14: =B14*C14*D14*AM14/1000000000 -> 3.155408 | AO14: =15.5*31.3303 -> 485.61965 | AQ14: =AO14*AM14 -> 97123.93
A15: PLYWOOD-BIRCH | B15: 5.3 | C15: 1220 | D15: 2440 | E15: 200 | F15: GW-TM260410 | G15: 46139 | AM15: =E15-H15-I15-J15-K15-L15-M15-N15-O15-P15-Q15-R15-S15-T15-U15-V15-W15-X15-Y15-Z15-AA15-AB15-AC15-AD15-AE15-AF15-AG15-AH15-AI15-AJ15-AK15-AL15 -> 200 | AN15: =B15*C15*D15*AM15/1000000000 -> 3.155408 | AO15: =15.5*31.3303 -> 485.61965 | AQ15: =AO15*AM15 -> 97123.93
A16: PLYWOOD-BIRCH | B16: 12 | C16: 1220 | D16: 2440 | E16: 1400 | F16: GW-TM260710 | G16: 46226 | AE16: 200 | AH16: 200 | AK16: 200 | AM16: =E16-H16-I16-J16-K16-L16-M16-N16-O16-P16-Q16-R16-S16-T16-U16-V16-W16-X16-Y16-Z16-AA16-AB16-AC16-AD16-AE16-AF16-AG16-AH16-AI16-AJ16-AK16-AL16 -> 800 | AN16: =B16*C16*D16*AM16/1000000000 -> 28.57728 | AP16: 20.2 | AQ16: =AP16*AM16*32.8679 -> 531145.26
G18: MDF-BIRCH | AN18: =SUMIF(A3:A16, "MDF-BIRCH", AN3:AN16) -> 15.698155 | AQ18: =SUMIF(A3:A16, "MDF-BIRCH", AQ3:AQ16) -> 483191.55 | AR18: =AQ18/AN18 -> 30780.15
G19: PLYWOOD-BIRCH | AN19: =SUMIF(A3:A16, "PLYWOOD-BIRCH", AN3:AN16) -> 46.345799 | AQ19: =SUMIF(A3:A16, "PLYWOOD-BIRCH", AQ3:AQ16) -> 878075.07 | AR19: =AQ19/AN19 -> 18946.163
AN20: =SUM(AN18:AN19) -> 62.043954 | AQ20: =SUM(AQ18:AQ19) -> 1361266.6

Sheet CT1
A1: Out Cutting
A2: Date In | B2: Decription | C2: Actual size | D2: Size | G2: Quantity | H2: Rate | I2: M3 ลูกบาศก์ | J2: F3 ลูกบาศก์ | K2: Price | L2: Amount | M2: Remark
C3: T(mm) | D3: T(mm) | E3: W | F3: L | H3: （%）
A4: Stock | D4: 15.875 | E4: =2*25.4 -> 50.8 | F4: 390 | G4: 1255 | I4: =D4*E4*F4*G4/1000000000 -> 0.39471695 | J4: =I4*35.315 -> 13.939429 | K4: 15000 | L4: =I4*K4 -> 5920.7543 | N4: พี่ไหน
A5: Stock | D5: 15.875 | E5: =2.5*25.4 -> 63.5 | F5: 490 | G5: 14270 | I5: =D5*E5*F5*G5/1000000000 -> 7.0486754 | J5: =I5*35.315 -> 248.92397 | K5: 15000 | L5: =I5*K5 -> 105730.13 | N5: พี่ไหน
A6: Stock | D6: 15.875 | E6: =3*25.4 -> 76.2 | F6: 490 | G6: 1280 | I6: =D6*E6*F6*G6/1000000000 -> 0.75870816 | J6: =I6*35.315 -> 26.793779 | K6: 15000 | L6: =I6*K6 -> 11380.622 | N6: พี่ไหน
A7: Stock | D7: 15.875 | E7: =3*25.4 -> 76.2 | F7: 490 | G7: 190 | I7: =D7*E7*F7*G7/1000000000 -> 0.11262074 | J7: =I7*35.315 -> 3.9772015 | K7: 15000 | L7: =I7*K7 -> 1689.3111 | N7: พี่ไหน
A8: Stock | D8: 15.875 | E8: =2*25.4 -> 50.8 | F8: 320 | G8: 2400 | I8: =D8*E8*F8*G8/1000000000 -> 0.6193536 | J8: =I8*35.315 -> 21.872472 | K8: 15000 | L8: =I8*K8 -> 9290.304 | N8: พี่ไหน
A9: Stock | D9: 15.875 | E9: =2*25.4 -> 50.8 | F9: 320 | G9: 800 | I9: =D9*E9*F9*G9/1000000000 -> 0.2064512 | J9: =I9*35.315 -> 7.2908241 | K9: 15000 | L9: =I9*K9 -> 3096.768 | N9: พี่ไหน
A10: Stock | D10: 15.875 | E10: =3*25.4 -> 76.2 | F10: 490 | G10: 1240 | I10: =D10*E10*F10*G10/1000000000 -> 0.73499853 | J10: =I10*35.315 -> 25.956473 | K10: 15000 | L10: =I10*K10 -> 11024.978 | N10: พี่ไหน
A11: Stock | D11: 15.875 | E11: =2.5*25.4 -> 63.5 | F11: 320 | G11: 900 | I11: =D11*E11*F11*G11/1000000000 -> 0.290322 | J11: =I11*35.315 -> 10.252721 | K11: 15000 | L11: =I11*K11 -> 4354.83 | N11: พี่ไหน
A12: Stock | D12: 15.875 | E12: =2.5*25.4 -> 63.5 | F12: 320 | G12: 1000 | I12: =D12*E12*F12*G12/1000000000 -> 0.32258 | J12: =I12*35.315 -> 11.391913 | K12: 15000 | L12: =I12*K12 -> 4838.7 | N12: พี่ไหน
A13: Stock | D13: 15.875 | E13: =2*25.4 -> 50.8 | F13: 320 | G13: 1000 | I13: =D13*E13*F13*G13/1000000000 -> 0.258064 | J13: =I13*35.315 -> 9.1135302 | K13: 15000 | L13: =I13*K13 -> 3870.96 | N13: พี่ไหน
A14: Stock | D14: 15.875 | E14: =2.5*25.4 -> 63.5 | F14: 320 | G14: 1348 | I14: =D14*E14*F14*G14/1000000000 -> 0.43483784 | J14: =I14*35.315 -> 15.356298 | K14: 15000 | L14: =I14*K14 -> 6522.5676
A15: Stock | D15: 15.875 | E15: =2.5*25.4 -> 63.5 | F15: 320 | G15: 2100 | I15: =D15*E15*F15*G15/1000000000 -> 0.677418 | J15: =I15*35.315 -> 23.923017 | K15: 15000 | L15: =I15*K15 -> 10161.27
A16: Stock | D16: 15.875 | E16: =2.5*25.4 -> 63.5 | F16: 300 | G16: 1400 | I16: =D16*E16*F16*G16/1000000000 -> 0.42338625 | J16: =I16*35.315 -> 14.951885 | K16: 15000 | L16: =I16*K16 -> 6350.7938
A17: Stock | D17: 15.875 | E17: =2*25.4 -> 50.8 | F17: 300 | G17: 2250 | I17: =D17*E17*F17*G17/1000000000 -> 0.54435375 | J17: =I17*35.315 -> 19.223853 | K17: 15000 | L17: =I17*K17 -> 8165.3062
A18: Stock | D18: 15.875 | E18: =2*25.4 -> 50.8 | F18: 300 | G18: 1600 | I18: =D18*E18*F18*G18/1000000000 -> 0.387096 | J18: =I18*35.315 -> 13.670295 | K18: 15000 | L18: =I18*K18 -> 5806.44
A19: Stock | D19: 15.875 | E19: =2.5*25.4 -> 63.5 | F19: 300 | G19: 1400 | I19: =D19*E19*F19*G19/1000000000 -> 0.42338625 | J19: =I19*35.315 -> 14.951885 | K19: 15000 | L19: =I19*K19 -> 6350.7938
A20: Stock | D20: 15.875 | E20: =2*25.4 -> 50.8 | F20: 300 | G20: 2450 | I20: =D20*E20*F20*G20/1000000000 -> 0.59274075 | J20: =I20*35.315 -> 20.93264 | K20: 15000 | L20: =I20*K20 -> 8891.1112
A21: Stock | D21: 15.875 | E21: =2*25.4 -> 50.8 | F21: 300 | G21: 2250 | I21: =D21*E21*F21*G21/1000000000 -> 0.54435375 | J21: =I21*35.315 -> 19.223853 | K21: 15000 | L21: =I21*K21 -> 8165.3062
A22: Stock | D22: 15.875 | E22: =2.5*25.4 -> 63.5 | F22: 300 | G22: 640 | I22: =D22*E22*F22*G22/1000000000 -> 0.193548 | J22: =I22*35.315 -> 6.8351476 | K22: 15000 | L22: =I22*K22 -> 2903.22
A23: Stock | D23: 15.875 | E23: =2*25.4 -> 50.8 | F23: 300 | G23: 2400 | I23: =D23*E23*F23*G23/1000000000 -> 0.580644 | J23: =I23*35.315 -> 20.505443 | K23: 15000 | L23: =I23*K23 -> 8709.66
A24: Stock | D24: 15.875 | E24: =2.5*25.4 -> 63.5 | F24: 300 | G24: 1900 | I24: =D24*E24*F24*G24/1000000000 -> 0.57459563 | J24: =I24*35.315 -> 20.291844 | K24: 15000 | L24: =I24*K24 -> 8618.9344
A25: Stock | D25: 15.875 | E25: =2.5*25.4 -> 63.5 | F25: 540 | G25: 1475 | I25: =D25*E25*F25*G25/1000000000 -> 0.80292178 | J25: =I25*35.315 -> 28.355183 | K25: 15000 | L25: =I25*K25 -> 12043.827
A26: Stock | D26: 15.875 | E26: =2.5*25.4 -> 63.5 | F26: 490 | G26: 680 | I26: =D26*E26*F26*G26/1000000000 -> 0.33588642 | J26: =I26*35.315 -> 11.861829 | K26: 15000 | L26: =I26*K26 -> 5038.2964
A27: Stock | D27: 15.875 | E27: =2*25.4 -> 50.8 | F27: 490 | G27: 730 | I27: =D27*E27*F27*G27/1000000000 -> 0.28846716 | J27: =I27*35.315 -> 10.187218 | K27: 15000 | L27: =I27*K27 -> 4327.0075
A28: Stock | D28: 15.875 | E28: =2*25.4 -> 50.8 | F28: 490 | G28: 1640 | I28: =D28*E28*F28*G28/1000000000 -> 0.64806322 | J28: =I28*35.315 -> 22.886353 | K28: 15000 | L28: =I28*K28 -> 9720.9483
A29: Stock | D29: 15.875 | E29: =2.5*25.4 -> 63.5 | F29: 1100 | G29: 711 | I29: =D29*E29*F29*G29/1000000000 -> 0.78840568 | J29: =I29*35.315 -> 27.842547 | K29: 15000 | L29: =I29*K29 -> 11826.085
A30: Stock | D30: 15.875 | E30: =2.5*25.4 -> 63.5 | F30: 1100 | G30: 478 | I30: =D30*E30*F30*G30/1000000000 -> 0.53003926 | J30: =I30*35.315 -> 18.718337 | K30: 15000 | L30: =I30*K30 -> 7950.5889
A31: Stock | D31: 15.875 | E31: =2*25.4 -> 50.8 | F31: 1100 | G31: 855 | I31: =D31*E31*F31*G31/1000000000 -> 0.75846622 | J31: =I31*35.315 -> 26.785235 | K31: 15000 | L31: =I31*K31 -> 11376.993
A32: Stock | D32: 15.875 | E32: =3*25.4 -> 76.2 | F32: 1100 | G32: 485 | I32: =D32*E32*F32*G32/1000000000 -> 0.64536161 | J32: =I32*35.315 -> 22.790945 | K32: 15000 | L32: =I32*K32 -> 9680.4242
A33: Stock | D33: 15.875 | E33: =2.5*25.4 -> 63.5 | F33: 1100 | G33: 478 | I33: =D33*E33*F33*G33/1000000000 -> 0.53003926 | J33: =I33*35.315 -> 18.718337 | K33: 15000 | L33: =I33*K33 -> 7950.5889
A34: Stock | D34: 15.875 | E34: =3*25.4 -> 76.2 | F34: 1100 | G34: 231 | I34: =D34*E34*F34*G34/1000000000 -> 0.30737842 | J34: =I34*35.315 -> 10.855069 | K34: 15000 | L34: =I34*K34 -> 4610.6763
A35: Stock | D35: 15.875 | E35: =2*25.4 -> 50.8 | F35: 1100 | G35: 5896 | I35: =D35*E35*F35*G35/1000000000 -> 5.2303121 | J35: =I35*35.315 -> 184.70847 | K35: 15000 | L35: =I35*K35 -> 78454.682
A36: Stock | D36: 15.875 | E36: =3*25.4 -> 76.2 | F36: 1100 | G36: 516 | I36: =D36*E36*F36*G36/1000000000 -> 0.68661153 | J36: =I36*35.315 -> 24.247686 | K36: 15000 | L36: =I36*K36 -> 10299.173
A37: Stock | D37: 15.875 | E37: =2*25.4 -> 50.8 | F37: 1100 | G37: 573 | I37: =D37*E37*F37*G37/1000000000 -> 0.50830543 | J37: =I37*35.315 -> 17.950806 | K37: 15000 | L37: =I37*K37 -> 7624.5815
A38: Stock | D38: 15.875 | E38: =2.5*25.4 -> 63.5 | F38: 540 | G38: 1440 | I38: =D38*E38*F38*G38/1000000000 -> 0.7838694 | J38: =I38*35.315 -> 27.682348 | K38: 15000 | L38: =I38*K38 -> 11758.041
A39: Stock | D39: 15.875 | E39: =2.5*25.4 -> 63.5 | F39: 540 | G39: 840 | I39: =D39*E39*F39*G39/1000000000 -> 0.45725715 | J39: =I39*35.315 -> 16.148036 | K39: 15000 | L39: =I39*K39 -> 6858.8573 | N39: พี่ไหน
A40: TOTAL | G40: =SUM(G4:G39) -> 61101 | I40: =SUM(I4:I39) -> 29.424236 | J40: =SUM(J4:J39) -> 1039.1169 | L40: =SUM(L4:L39) -> 441363.53

Sheet S4S
A1: OUT S4S
A2: Date In | B2: Decription | C2: Actual size | D2: Size | G2: Quantity | H2: Rate | I2: M3 ลูกบาศก์ | J2: F3 ลูกบาศก์ | K2: Price | L2: Amount | M2: Remark
C3: T(mm) | D3: T(mm) | E3: W | F3: L | H3: （%）
A4: Stock | D4: 15.875 | E4: 75 | F4: 540 | G4: 1074 | I4: =D4*E4*F4*G4/1000000000 -> 0.69051487 | J4: =I4*35.315 -> 24.385533 | K4: 16000 | L4: =I4*K4 -> 11048.238 | M4: ไม้ดี | N4: พี่นี+พี่ไหน+พี่สุ
A5: Stock | D5: 15.875 | E5: 52 | F5: 560 | G5: 929 | I5: =D5*E5*F5*G5/1000000000 -> 0.42945812 | J5: =I5*35.315 -> 15.166314 | K5: 16000 | L5: =I5*K5 -> 6871.3299 | M5: ไม้ดี | N5: พี่นี+พี่ไหน+พี่สุ
A6: Stock | D6: 15.875 | E6: 62 | F6: 560 | G6: 779 | I6: =D6*E6*F6*G6/1000000000 -> 0.42936922 | J6: =I6*35.315 -> 15.163174 | K6: 16000 | L6: =I6*K6 -> 6869.9075 | M6: ไม้ดี | N6: พี่นี+พี่ไหน+พี่สุ
A7: Stock | D7: 15.875 | E7: 62 | F7: 490 | G7: 1787 | I7: =D7*E7*F7*G7/1000000000 -> 0.86183883 | J7: =I7*35.315 -> 30.435838 | K7: 16000 | L7: =I7*K7 -> 13789.421 | M7: ไม้ดี | N7: พี่นี+พี่ไหน+พี่สุ
A8: Stock | D8: 15.875 | E8: 62 | F8: 560 | G8: 1559 | I8: =D8*E8*F8*G8/1000000000 -> 0.85928962 | J8: =I8*35.315 -> 30.345813 | K8: 16000 | L8: =I8*K8 -> 13748.634 | M8: ไม้ดี | N8: พี่นี+พี่ไหน+พี่สุ
A9: Stock | D9: 15.875 | E9: 62 | F9: 560 | G9: 508 | I9: =D9*E9*F9*G9/1000000000 -> 0.27999944 | J9: =I9*35.315 -> 9.8881802 | K9: 16000 | L9: =I9*K9 -> 4479.991 | M9: ไม้ดี | N9: พี่นี+พี่ไหน+พี่สุ
A10: Stock | D10: 15.875 | E10: 62 | F10: 540 | G10: 832 | I10: =D10*E10*F10*G10/1000000000 -> 0.44220384 | J10: =I10*35.315 -> 15.616429 | K10: 16000 | L10: =I10*K10 -> 7075.2614 | M10: ไม้ดี | N10: พี่นี+พี่ไหน+พี่สุ
A11: Stock | D11: 15.875 | E11: 52 | F11: 490 | G11: 1017 | I11: =D11*E11*F11*G11/1000000000 -> 0.41137142 | J11: =I11*35.315 -> 14.527582 | K11: 16000 | L11: =I11*K11 -> 6581.9426 | M11: ไม้ดี | N11: พี่นี+พี่ไหน+พี่สุ
A12: Stock | D12: 15.875 | E12: 75 | F12: 390 | G12: 381 | I12: =D12*E12*F12*G12/1000000000 -> 0.17691497 | J12: =I12*35.315 -> 6.2477521 | K12: 16000 | L12: =I12*K12 -> 2830.6395 | M12: ไม้ดี | N12: พี่นี+พี่ไหน+พี่สุ
A13: Stock | D13: 15.875 | E13: 72 | F13: 490 | G13: 281 | I13: =D13*E13*F13*G13/1000000000 -> 0.15737967 | J13: =I13*35.315 -> 5.557863 | K13: 16000 | L13: =I13*K13 -> 2518.0747 | M13: ไม้ดี | N13: พี่นี+พี่ไหน+พี่สุ
A14: Stock | D14: 15.875 | E14: 62 | F14: 560 | G14: 786 | I14: =D14*E14*F14*G14/1000000000 -> 0.43322748 | J14: =I14*35.315 -> 15.299428 | K14: 16000 | L14: =I14*K14 -> 6931.6397 | M14: ไม้ดี | N14: พี่นี+พี่ไหน+พี่สุ
A15: Stock | D15: 15.875 | E15: 62 | F15: 490 | G15: 1023 | I15: =D15*E15*F15*G15/1000000000 -> 0.493375 | J15: =I15*35.315 -> 17.423538 | K15: 16000 | L15: =I15*K15 -> 7894 | M15: ไม้ดี | N15: พี่นี+พี่ไหน+พี่สุ
... A54: Stock | D54: 15.875 | E54: 58 | F54: 820 | G54: 250 | I54: =D54*E54*F54*G54/1000000000 -> 0.18875375 | J54: =I54*35.315 -> 6.6658387 | K54: 16000 | L54: =I54*K54 -> 3020.06 | M54: ไม้ดี | N54: พี่นี+พี่ไหน+พี่สุ
A55: Stock | I55: =D55*E55*F55*G55/1000000000 -> 0 | J55: =I55*35.315 -> 0 | K55: 16000 | L55: =I55*K55 -> 0 | M55: ไม้ดี | N55: พี่นี+พี่ไหน+พี่สุ
A56: Stock | I56: =D56*E56*F56*G56/1000000000 -> 0 | J56: =I56*35.315 -> 0 | K56: 16000 | L56: =I56*K56 -> 0 | M56: ไม้ดี | N56: พี่นี+พี่ไหน+พี่สุ
A57: Stock | I57: =D57*E57*F57*G57/1000000000 -> 0 | J57: =I57*35.315 -> 0 | K57: 16000 | L57: =I57*K57 -> 0 | M57: ไม้ดี | N57: พี่นี+พี่ไหน+พี่สุ
A58: Stock | I58: =D58*E58*F58*G58/1000000000 -> 0 | J58: =I58*35.315 -> 0 | K58: 16000 | L58: =I58*K58 -> 0 | M58: ไม้ดี | N58: พี่นี+พี่ไหน+พี่สุ
A59: Stock | I59: =D59*E59*F59*G59/1000000000 -> 0 | J59: =I59*35.315 -> 0 | K59: 16000 | L59: =I59*K59 -> 0 | M59: ไม้ดี | N59: พี่นี+พี่ไหน+พี่สุ
A60: Stock | I60: =D60*E60*F60*G60/1000000000 -> 0 | J60: =I60*35.315 -> 0 | K60: 16000 | L60: =I60*K60 -> 0 | M60: ไม้ดี | N60: พี่นี+พี่ไหน+พี่สุ
A61: Stock | I61: =D61*E61*F61*G61/1000000000 -> 0 | J61: =I61*35.315 -> 0 | K61: 16000 | L61: =I61*K61 -> 0 | M61: ไม้ดี | N61: พี่นี+พี่ไหน+พี่สุ
A62: TOTAL | G62: =SUM(G4:G61) -> 50324 | I62: =SUM(I4:I61) -> 31.349463 | J62: =SUM(J4:J61) -> 1107.1063 | L62: =SUM(L4:L61) -> 501591.4

Sheet FJ
A1: Finger Joint
A2: Date In | B2: Decription | C2: Actual size | D2: Size | G2: Quantity | H2: Rate | I2: M3 ลูกบาศก์ | J2: F3 ลูกบาศก์ | K2: Price | L2: Amount | M2: Remark
C3: T(mm) | D3: T(mm) | E3: W | F3: L | H3: （%）
A4: Stock | D4: 15.875 | E4: 62 | F4: 300 | G4: 1400 | I4: =D4*E4*F4*G4/1000000000 -> 0.413385 | J4: =I4*35.315 -> 14.598691 | K4: 17000 | L4: =I4*K4 -> 7027.545 | M4: พี่เอ
A5: Stock | D5: 15.875 | E5: 62 | F5: 300 | G5: 1500 | I5: =D5*E5*F5*G5/1000000000 -> 0.4429125 | J5: =I5*35.315 -> 15.641455 | K5: 17000 | L5: =I5*K5 -> 7529.5125 | M5: พี่เอ
A6: Stock | D6: 15.875 | E6: 52 | F6: 300 | G6: 3120 | I6: =D6*E6*F6*G6/1000000000 -> 0.772668 | J6: =I6*35.315 -> 27.28677 | K6: 17000 | L6: =I6*K6 -> 13135.356 | M6: พี่เอ
A7: Stock | D7: 15.875 | E7: 62 | F7: 300 | G7: 1600 | I7: =D7*E7*F7*G7/1000000000 -> 0.47244 | J7: =I7*35.315 -> 16.684219 | K7: 17000 | L7: =I7*K7 -> 8031.48 | M7: พี่เอ
A8: Stock | I8: =D8*E8*F8*G8/1000000000 -> 0 | J8: =I8*35.315 -> 0 | K8: 17000 | L8: =I8*K8 -> 0 | M8: พี่เอ
A9: Stock | D9: 1100 | E9: 100 | F9: 950 | G9: 1 | I9: =D9*E9*F9*G9/1000000000 -> 0.1045 | J9: =I9*35.315 -> 3.6904175 | K9: 17000 | L9: =I9*K9 -> 1776.5 | M9: พี่เอ
A10: Stock | D10: 1060 | E10: 1140 | F10: 1110 | G10: 1 | I10: =D10*E10*F10*G10/1000000000 -> 1.341324 | J10: =I10*35.315 -> 47.368857 | K10: 17000 | L10: =I10*K10 -> 22802.508 | M10: พี่เอ
A11: Stock | D11: 1050 | E11: 1110 | F11: 1110 | G11: 1 | I11: =D11*E11*F11*G11/1000000000 -> 1.293705 | J11: =I11*35.315 -> 45.687192 | K11: 17000 | L11: =I11*K11 -> 21992.985 | M11: พี่เอ
A12: Stock | D12: 1050 | E12: 1090 | F12: 1200 | G12: 1 | I12: =D12*E12*F12*G12/1000000000 -> 1.3734 | J12: =I12*35.315 -> 48.501621 | K12: 17000 | L12: =I12*K12 -> 23347.8 | M12: พี่เอ
A13: Stock | D13: 1100 | E13: 1000 | F13: 1140 | G13: 1 | I13: =D13*E13*F13*G13/1000000000 -> 1.254 | J13: =I13*35.315 -> 44.28501 | K13: 17000 | L13: =I13*K13 -> 21318 | M13: พี่เอ
A14: Stock | D14: 1050 | E14: 1100 | F14: 1200 | G14: 1 | I14: =D14*E14*F14*G14/1000000000 -> 1.386 | J14: =I14*35.315 -> 48.94659 | K14: 17000 | L14: =I14*K14 -> 23562 | M14: พี่เอ
A15: Stock | D15: 1050 | E15: 1100 | F15: 1120 | G15: 1 | I15: =D15*E15*F15*G15/1000000000 -> 1.2936 | J15: =I15*35.315 -> 45.683484 | K15: 17000 | L15: =I15*K15 -> 21991.2 | M15: พี่เอ
A16: Stock | D16: 1070 | E16: 1140 | F16: 1100 | G16: 1 | I16: =D16*E16*F16*G16/1000000000 -> 1.34178 | J16: =I16*35.315 -> 47.384961 | K16: 17000 | L16: =I16*K16 -> 22810.26 | M16: พี่เอ
A17: Stock | D17: 1030 | E17: 960 | F17: 1220 | G17: 1 | I17: =D17*E17*F17*G17/1000000000 -> 1.206336 | J17: =I17*35.315 -> 42.601756 | K17: 17000 | L17: =I17*K17 -> 20507.712 | M17: พี่เอ
A18: Stock | D18: 500 | E18: 750 | F18: 450 | G18: 1 | I18: =D18*E18*F18*G18/1000000000 -> 0.16875 | J18: =I18*35.315 -> 5.9594062 | K18: 17000 | L18: =I18*K18 -> 2868.75 | M18: พี่เอ
A19: Stock | D19: 1100 | E19: 1000 | F19: 1150 | G19: 1 | I19: =D19*E19*F19*G19/1000000000 -> 1.265 | J19: =I19*35.315 -> 44.673475 | K19: 17000 | L19: =I19*K19 -> 21505 | M19: พี่เอ
A20: Stock | D20: 1100 | E20: 1200 | F20: 1100 | G20: 1 | I20: =D20*E20*F20*G20/1000000000 -> 1.452 | J20: =I20*35.315 -> 51.27738 | K20: 17000 | L20: =I20*K20 -> 24684 | M20: พี่เอ
... A69: Stock | D69: 1070 | E69: 1110 | F69: 1130 | G69: 1 | I69: =D69*E69*F69*G69/1000000000 -> 1.342101 | J69: =I69*35.315 -> 47.396297 | K69: 17000 | L69: =I69*K69 -> 22815.717 | M69: พี่เอ
A70: TOTAL | G70: =SUM(G4:G69) -> 7681 | I70: =SUM(I4:I69) -> 75.881565 | J70: =SUM(J4:J69) -> 2679.7575 | L70: =SUM(L4:L69) -> 1289986.6

Sheet HFC
A1: High Frequency Laminated
A2: Date In | B2: Decription | C2: Actual size | D2: Size | G2: Quantity | H2: Rate | I2: M3 ลูกบาศก์ | J2: F3 ลูกบาศก์ | K2: Price | L2: Amount | M2: Remark
C3: T(mm) | D3: T(mm) | E3: W | F3: L | H3: （%）
A4: Stock | B4: bbi-8200 | D4: 15.875 | E4: 1200 | F4: 1410 | G4: 39 | I4: =D4*E4*F4*G4/1000000000 -> 1.0475595 | J4: =I4*35.315 -> 36.994564 | K4: 18000 | L4: =I4*K4 -> 18856.071 | N4: H1 | O4: พี่สุ
A5: Stock | B5: bbi-8200 | D5: 15.875 | E5: 1200 | F5: 1250 | G5: 38 | I5: =D5*E5*F5*G5/1000000000 -> 0.904875 | J5: =I5*35.315 -> 31.955661 | K5: 18000 | L5: =I5*K5 -> 16287.75 | N5: H1 | O5: พี่สุ
A6: Stock | B6: bbi-4900-406 | D6: 15.875 | E6: 1200 | F6: 820 | G6: 38 | I6: =D6*E6*F6*G6/1000000000 -> 0.593598 | J6: =I6*35.315 -> 20.962913 | K6: 18000 | L6: =I6*K6 -> 10684.764 | N6: H1 | O6: พี่สุ
A7: Stock | B7: bbi-8200 | D7: 15.875 | E7: 1200 | F7: 560 | G7: 30 | I7: =D7*E7*F7*G7/1000000000 -> 0.32004 | J7: =I7*35.315 -> 11.302213 | K7: 18000 | L7: =I7*K7 -> 5760.72 | N7: H1 | O7: พี่สุ
A8: Stock | B8: bbi-2530-267 | D8: 15.875 | E8: 1200 | F8: 540 | G8: 15 | I8: =D8*E8*F8*G8/1000000000 -> 0.154305 | J8: =I8*35.315 -> 5.4492811 | K8: 18000 | L8: =I8*K8 -> 2777.49 | N8: H1 | O8: พี่สุ
A9: Stock | B9: bbi-2530-267 | D9: 15.875 | E9: 1200 | F9: 540 | G9: 36 | I9: =D9*E9*F9*G9/1000000000 -> 0.370332 | J9: =I9*35.315 -> 13.078275 | K9: 18000 | L9: =I9*K9 -> 6665.976 | N9: H1 | O9: พี่สุ
A10: Stock | B10: bbi-6000-386 | D10: 15.875 | E10: 1050 | F10: 490 | G10: 50 | I10: =D10*E10*F10*G10/1000000000 -> 0.40838438 | J10: =I10*35.315 -> 14.422094 | K10: 18000 | L10: =I10*K10 -> 7350.9188 | N10: H1 | O10: พี่สุ
A11: Stock | B11: bbi-6000-386 | D11: 15.875 | E11: 1200 | F11: 540 | G11: 16 | I11: =D11*E11*F11*G11/1000000000 -> 0.164592 | J11: =I11*35.315 -> 5.8125665 | K11: 18000 | L11: =I11*K11 -> 2962.656 | N11: H1 | O11: พี่สุ
A12: Stock | B12: bbi-6000-386 | D12: 15.875 | E12: 1050 | F12: 850 | G12: 12 | I12: =D12*E12*F12*G12/1000000000 -> 0.17002125 | J12: =I12*35.315 -> 6.0043004 | K12: 18000 | L12: =I12*K12 -> 3060.3825 | N12: H1 | O12: พี่สุ
A13: Stock | B13: bbi-8200 | D13: 15.875 | E13: 1200 | F13: 490 | G13: 12 | I13: =D13*E13*F13*G13/1000000000 -> 0.112014 | J13: =I13*35.315 -> 3.9557744 | K13: 18000 | L13: =I13*K13 -> 2016.252 | N13: H1 | O13: พี่สุ
A14: Stock | B14: bbi-8200 | D14: 15.875 | E14: 1200 | F14: 490 | G14: 58 | I14: =D14*E14*F14*G14/1000000000 -> 0.541401 | J14: =I14*35.315 -> 19.119576 | K14: 18000 | L14: =I14*K14 -> 9745.218 | N14: H1 | O14: พี่สุ
A15: Stock | B15: bbi-8200 | D15: 15.875 | E15: 1200 | F15: 540 | G15: 56 | I15: =D15*E15*F15*G15/1000000000 -> 0.576072 | J15: =I15*35.315 -> 20.343983 | K15: 18000 | L15: =I15*K15 -> 10369.296 | N15: H1 | O15: พี่สุ
... A22: Stock | B22: bbi-4900-406 | D22: 15.875 | E22: 1200 | F22: 820 | G22: 38 | I22: =D22*E22*F22*G22/1000000000 -> 0.593598 | J22: =I22*35.315 -> 20.962913 | K22: 18000 | L22: =I22*K22 -> 10684.764 | N22: H1 | O22: พี่สุ
A23: Stock | D23: 15.875 | I23: =D23*E23*F23*G23/1000000000 -> 0 | J23: =I23*35.315 -> 0 | K23: 18000 | L23: =I23*K23 -> 0 | N23: H1 | O23: พี่สุ
A24: Stock | D24: 15.875 | I24: =D24*E24*F24*G24/1000000000 -> 0 | J24: =I24*35.315 -> 0 | K24: 18000 | L24: =I24*K24 -> 0 | N24: H1 | O24: พี่สุ
A25: Stock | D25: 15.875 | I25: =D25*E25*F25*G25/1000000000 -> 0 | J25: =I25*35.315 -> 0 | K25: 18000 | L25: =I25*K25 -> 0 | N25: H1 | O25: พี่สุ
A26: Stock | D26: 15.875 | I26: =D26*E26*F26*G26/1000000000 -> 0 | J26: =I26*35.315 -> 0 | K26: 18000 | L26: =I26*K26 -> 0 | N26: H1 | O26: พี่สุ
A27: Stock | D27: 15.875 | I27: =D27*E27*F27*G27/1000000000 -> 0 | J27: =I27*35.315 -> 0 | K27: 18000 | L27: =I27*K27 -> 0 | N27: H1 | O27: พี่สุ
A28: Stock | D28: 15.875 | I28: =D28*E28*F28*G28/1000000000 -> 0 | J28: =I28*35.315 -> 0 | K28: 18000 | L28: =I28*K28 -> 0 | N28: H1 | O28: พี่สุ
A29: Stock | D29: 15.875 | I29: =D29*E29*F29*G29/1000000000 -> 0 | J29: =I29*35.315 -> 0 | K29: 18000 | L29: =I29*K29 -> 0 | N29: H1 | O29: พี่สุ
A30: Stock | D30: 15.875 | I30: =D30*E30*F30*G30/1000000000 -> 0 | J30: =I30*35.315 -> 0 | K30: 18000 | L30: =I30*K30 -> 0 | N30: H1 | O30: พี่สุ
A31: TOTAL | G31: =SUM(G4:G30) -> 683 | I31: =SUM(I4:I30) -> 8.4313871 | J31: =SUM(J4:J30) -> 297.75444 | L31: =SUM(L4:L30) -> 151764.97

Sheet RS-RUN
A1: Rip Saw ตัดไม้
A2: Date In | B2: Decription | C2: Actual size | D2: Size | G2: Quantity | H2: Rate | I2: M3 ลูกบาศก์ | J2: F3 ลูกบาศก์ | K2: Price | L2: Amount | M2: Remark
C3: T(mm) | D3: T(mm) | E3: W | F3: L | H3: （%）
B4: bbi-6000 | D4: 15.875 | E4: 88 | F4: 1100 | G4: 189 | I4: =D4*E4*F4*G4/1000000000 -> 0.2904363 | J4: =I4*35.315 -> 10.256758 | K4: 20000 | L4: =I4*K4 -> 5808.726
B5: bbi-6000 | D5: 15.875 | E5: 88 | F5: 1100 | G5: 216 | I5: =D5*E5*F5*G5/1000000000 -> 0.3319272 | J5: =I5*35.315 -> 11.722009 | K5: 20000 | L5: =I5*K5 -> 6638.544
B6: bbi-6000 | D6: 15.875 | E6: 166 | F6: 1100 | G6: 385 | I6: =D6*E6*F6*G6/1000000000 -> 1.1160284 | J6: =I6*35.315 -> 39.412542 | K6: 20000 | L6: =I6*K6 -> 22320.568
B7: bbi-6000 | D7: 15.875 | E7: 207 | F7: 540 | G7: 304 | I7: =D7*E7*F7*G7/1000000000 -> 0.53945028 | J7: =I7*35.315 -> 19.050687 | K7: 20000 | L7: =I7*K7 -> 10789.006
B8: bbi-4900 | D8: 15.875 | E8: 166 | F8: 820 | G8: 406 | I8: =D8*E8*F8*G8/1000000000 -> 0.87732743 | J8: =I8*35.315 -> 30.982818 | K8: 20000 | L8: =I8*K8 -> 17546.549
B9: bbi-4900 | D9: 15.875 | E9: 90 | F9: 490 | G9: 264 | I9: =D9*E9*F9*G9/1000000000 -> 0.1848231 | J9: =I9*35.315 -> 6.5270278 | K9: 20000 | L9: =I9*K9 -> 3696.462
B10: bbi-4900 | D10: 15.875 | E10: 166 | F10: 890 | G10: 322 | I10: =D10*E10*F10*G10/1000000000 -> 0.75520995 | J10: =I10*35.315 -> 26.670239 | K10: 20000 | L10: =I10*K10 -> 15104.199
B11: bbi-4900 | D11: 15.875 | E11: 166 | F11: 820 | G11: 280 | I11: =D11*E11*F11*G11/1000000000 -> 0.6050534 | J11: =I11*35.315 -> 21.367461 | K11: 20000 | L11: =I11*K11 -> 12101.068
B12: bbi-4900 | D12: 15.875 | E12: 166 | F12: 740 | G12: 252 | I12: =D12*E12*F12*G12/1000000000 -> 0.49142142 | J12: =I12*35.315 -> 17.354547 | K12: 20000 | L12: =I12*K12 -> 9828.4284
B13: bbi-4900 | D13: 15.875 | E13: 258 | F13: 540 | G13: 312 | I13: =D13*E13*F13*G13/1000000000 -> 0.69005196 | J13: =I13*35.315 -> 24.369185 | K13: 20000 | L13: =I13*K13 -> 13801.039
B14: bbi-2530 | D14: 15.875 | E14: 90 | F14: 540 | G14: 705 | I14: =D14*E14*F14*G14/1000000000 -> 0.54392513 | J14: =I14*35.315 -> 19.208716 | K14: 20000 | L14: =I14*K14 -> 10878.503
B15: bbi-8200 | D15: 15.875 | E15: 105 | F15: 700 | G15: 616 | I15: =D15*E15*F15*G15/1000000000 -> 0.7187565 | J15: =I15*35.315 -> 25.382886 | K15: 20000 | L15: =I15*K15 -> 14375.13
... B17: bbi-2530 | D17: 15.875 | E17: 166 | F17: 1100 | G17: 277 | I17: =D17*E17*F17*G17/1000000000 -> 0.80296068 | J17: =I17*35.315 -> 28.356556 | K17: 20000 | L17: =I17*K17 -> 16059.213
I18: =D18*E18*F18*G18/1000000000 -> 0 | J18: =I18*35.315 -> 0 | K18: 20000 | L18: =I18*K18 -> 0
I19: =D19*E19*F19*G19/1000000000 -> 0 | J19: =I19*35.315 -> 0 | K19: 20000 | L19: =I19*K19 -> 0
I20: =D20*E20*F20*G20/1000000000 -> 0 | J20: =I20*35.315 -> 0 | K20: 20000 | L20: =I20*K20 -> 0
I21: =D21*E21*F21*G21/1000000000 -> 0 | J21: =I21*35.315 -> 0 | K21: 20000 | L21: =I21*K21 -> 0
I22: =D22*E22*F22*G22/1000000000 -> 0 | J22: =I22*35.315 -> 0 | K22: 20000 | L22: =I22*K22 -> 0
I23: =D23*E23*F23*G23/1000000000 -> 0 | J23: =I23*35.315 -> 0 | K23: 20000 | L23: =I23*K23 -> 0
A24: TOTAL | G24: =SUM(G4:G23) -> 4803 | I24: =SUM(I4:I23) -> 8.189402 | J24: =SUM(J4:J23) -> 289.20873 | L24: =SUM(L4:L23) -> 163788.04
A26: Running Saw ตัดไม้
A27: Date In | B27: Decription | C27: Actual size | D27: Size | G27: Quantity | H27: Rate | I27: M3 ลูกบาศก์ | J27: F3 ลูกบาศก์ | K27: Price | L27: Amount | M27: Remark
C28: T(mm) | D28: T(mm) | E28: W | F28: L | H28: （%）
A29: Stock | B29: AC | D29: 15.875 | E29: 166 | F29: 2440 | G29: 530 | I29: =D29*E29*F29*G29/1000000000 -> 3.4079053 | J29: =I29*35.315 -> 120.35018 | K29: 20000 | L29: =I29*K29 -> 68158.106
A30: Stock | B30: AC | D30: 15.875 | E30: 89 | F30: 2440 | G30: 804 | I30: =D30*E30*F30*G30/1000000000 -> 2.7717217 | J30: =I30*35.315 -> 97.88335 | K30: 20000 | L30: =I30*K30 -> 55434.433
A31: Stock
A32: Stock
A33: Stock
A34: Stock
A35: Stock
A36: Stock
A37: Stock
A38: Stock
A40: TOTAL | G40: =SUM(G29:G38) -> 1334 | I40: =SUM(I29:I38) -> 6.179627 | J40: =SUM(J29:J38) -> 218.23353 | L40: =SUM(L29:L38) -> 123592.54

Sheet SD
A1: Sanding
A2: Date In | B2: Decription | C2: Actual size | D2: Size | G2: Quantity | H2: Rate | I2: M3 ลูกบาศก์ | J2: F3 ลูกบาศก์ | K2: Price | L2: Amount | M2: Remark
C3: T(mm) | D3: T(mm) | E3: W | F3: L | H3: （%）
B4: BBI-8200 | D4: 15.3 | E4: 189 | F4: 320 | G4: 564 | I4: =D4*E4*F4*G4/1000000000 -> 0.52189402 | J4: =I4*35.315 -> 18.430687 | K4: 21000 | L4: =I4*K4 -> 10959.774
B5: BBI-8200 | D5: 15.3 | E5: 232 | F5: 490 | G5: 62 | I5: =D5*E5*F5*G5/1000000000 -> 0.10783685 | J5: =I5*35.315 -> 3.8082583 | K5: 21000 | L5: =I5*K5 -> 2264.5738
B6: BBI-8200 | D6: 15.3 | E6: 105 | F6: 390 | G6: 165 | I6: =D6*E6*F6*G6/1000000000 -> 0.10337828 | J6: =I6*35.315 -> 3.6508038 | K6: 21000 | L6: =I6*K6 -> 2170.9438
B7: BBI-8200 | D7: 15.3 | E7: 105 | F7: 390 | G7: 987 | I7: =D7*E7*F7*G7/1000000000 -> 0.61839005 | J7: =I7*35.315 -> 21.838444 | K7: 21000 | L7: =I7*K7 -> 12986.191
B8: BBI-8200 | D8: 15.3 | E8: 232 | F8: 490 | G8: 70 | I8: =D8*E8*F8*G8/1000000000 -> 0.12175128 | J8: =I8*35.315 -> 4.2996465 | K8: 21000 | L8: =I8*K8 -> 2556.7769
B9: BBI-8200 | D9: 15.3 | E9: 101 | F9: 571 | G9: 750 | I9: =D9*E9*F9*G9/1000000000 -> 0.66177473 | J9: =I9*35.315 -> 23.370574 | K9: 21000 | L9: =I9*K9 -> 13897.269
B10: BBI-8200 | D10: 15.3 | E10: 232 | F10: 850 | G10: 322 | I10: =D10*E10*F10*G10/1000000000 -> 0.97152552 | J10: =I10*35.315 -> 34.309424 | K10: 21000 | L10: =I10*K10 -> 20402.036
B11: BBI-8200 | D11: 15.3 | E11: 105 | F11: 830 | G11: 611 | I11: =D11*E11*F11*G11/1000000000 -> 0.81470434 | J11: =I11*35.315 -> 28.771284 | K11: 21000 | L11: =I11*K11 -> 17108.791
B12: BBI-8200 | D12: 15.3 | E12: 284 | F12: 750 | G12: 164 | I12: =D12*E12*F12*G12/1000000000 -> 0.5344596 | J12: =I12*35.315 -> 18.874441 | K12: 21000 | L12: =I12*K12 -> 11223.652
B13: BBI-8200 | D13: 15.3 | E13: 105 | F13: 540 | G13: 1038 | I13: =D13*E13*F13*G13/1000000000 -> 0.90047538 | J13: =I13*35.315 -> 31.800288 | K13: 21000 | L13: =I13*K13 -> 18909.983
B14: BBI-8200 | D14: 15.3 | E14: 182 | F14: 540 | G14: 124 | I14: =D14*E14*F14*G14/1000000000 -> 0.18645682 | J14: =I14*35.315 -> 6.5847225 | K14: 21000 | L14: =I14*K14 -> 3915.5931
B15: BBI-8200 | D15: 15.3 | E15: 284 | F15: 850 | G15: 214 | I15: =D15*E15*F15*G15/1000000000 -> 0.79039188 | J15: =I15*35.315 -> 27.912689 | K15: 21000 | L15: =I15*K15 -> 16598.229
... B32: BBI-4900 | D32: 16.1 | E32: 90 | F32: 690 | G32: 720 | I32: =D32*E32*F32*G32/1000000000 -> 0.7198632 | J32: =I32*35.315 -> 25.421969 | K32: 21000 | L32: =I32*K32 -> 15117.127
I33: =D33*E33*F33*G33/1000000000 -> 0 | J33: =I33*35.315 -> 0 | K33: 21000 | L33: =I33*K33 -> 0
A34: TOTAL | G34: =SUM(G4:G33) -> 14331 | I34: =SUM(I4:I33) -> 18.894152 | J34: =SUM(J4:J33) -> 667.24697 | L34: =SUM(L4:L33) -> 396777.19

Sheet MD
A1: Moulding Process
A2: Date In | B2: Decription | C2: Actual size | D2: Size | G2: Quantity | H2: Rate | I2: M3 ลูกบาศก์ | J2: F3 ลูกบาศก์ | K2: Price | L2: Amount | M2: Remark
C3: T(mm) | D3: T(mm) | E3: W | F3: L | H3: （%）
B4: bbi-4900-406 | D4: 16 | E4: 162 | F4: 2440 | G4: 90 | I4: =D4*E4*F4*G4/1000000000 -> 0.5692032 | J4: =I4*35.315 -> 20.101411 | K4: 22000 | L4: =I4*K4 -> 12522.47 | M4: นีอิสลาม/ไม้ดี
B5: bbi-4900-406 | D5: 16 | E5: 86 | F5: 524 | G5: 1523 | I5: =D5*E5*F5*G5/1000000000 -> 1.0981196 | J5: =I5*35.315 -> 38.780092 | K5: 22000 | L5: =I5*K5 -> 24158.63 | M5: นีอิสลาม/ไม้ดี
B6: bbi-4900-406 | D6: 16 | E6: 86 | F6: 474 | G6: 1545 | I6: =D6*E6*F6*G6/1000000000 -> 1.0076861 | J6: =I6*35.315 -> 35.586434 | K6: 22000 | L6: =I6*K6 -> 22169.094 | M6: นีอิสลาม/ไม้ดี
B7: bbi-4900-406 | D7: 16 | E7: 86 | F7: 474 | G7: 1561 | I7: =D7*E7*F7*G7/1000000000 -> 1.0181217 | J7: =I7*35.315 -> 35.954967 | K7: 22000 | L7: =I7*K7 -> 22398.677 | M7: นีอิสลาม/ไม้ดี
B8: bbi-4900-406 | D8: 16 | E8: 86 | F8: 524 | G8: 1140 | I8: =D8*E8*F8*G8/1000000000 -> 0.82196736 | J8: =I8*35.315 -> 29.027777 | K8: 22000 | L8: =I8*K8 -> 18083.282 | M8: นีอิสลาม/ไม้ดี
B9: bbi-4900-406 | D9: 16 | E9: 86 | F9: 524 | G9: 1548 | I9: =D9*E9*F9*G9/1000000000 -> 1.1161452 | J9: =I9*35.315 -> 39.416666 | K9: 22000 | L9: =I9*K9 -> 24555.193 | M9: นีอิสลาม/ไม้ดี
B10: bbi-8200 | D10: 15.3 | E10: 101.6 | F10: 490 | G10: 354 | I10: =D10*E10*F10*G10/1000000000 -> 0.2696401 | J10: =I10*35.315 -> 9.5223402 | K10: 22000 | L10: =I10*K10 -> 5932.0822 | M10: นีอิสลาม/ไม้ดี
B11: bbi-8200 | D11: 15.3 | E11: 101.6 | F11: 390 | G11: 354 | I11: =D11*E11*F11*G11/1000000000 -> 0.21461151 | J11: =I11*35.315 -> 7.5790054 | K11: 22000 | L11: =I11*K11 -> 4721.4532 | M11: นีอิสลาม/ไม้ดี
B12: bbi-8200 | D12: 15.3 | E12: 101.6 | F12: 390 | G12: 319 | I12: =D12*E12*F12*G12/1000000000 -> 0.19339286 | J12: =I12*35.315 -> 6.8296687 | K12: 22000 | L12: =I12*K12 -> 4254.6428 | M12: นีอิสลาม/ไม้ดี
B13: bbi-8200 | D13: 15.3 | E13: 177.6 | F13: 470 | G13: 78 | I13: =D13*E13*F13*G13/1000000000 -> 0.099615485 | J13: =I13*35.315 -> 3.5179208 | K13: 22000 | L13: =I13*K13 -> 2191.5407 | M13: นีอิสลาม/ไม้ดี
B14: bbi-8200 | D14: 15.3 | E14: 177.6 | F14: 540 | G14: 109 | I14: =D14*E14*F14*G14/1000000000 -> 0.1599391 | J14: =I14*35.315 -> 5.6482493 | K14: 22000 | L14: =I14*K14 -> 3518.6602 | M14: นีอิสลาม/ไม้ดี
B15: bbi-8200 | D15: 15.3 | E15: 101.6 | F15: 470 | G15: 141 | I15: =D15*E15*F15*G15/1000000000 -> 0.10301539 | J15: =I15*35.315 -> 3.6379885 | K15: 22000 | L15: =I15*K15 -> 2266.3386 | M15: นีอิสลาม/ไม้ดี
... B21: bbi-4900-406 | D21: 16.1 | E21: 162 | F21: 1100 | G21: 383 | I21: =D21*E21*F21*G21/1000000000 -> 1.0988347 | J21: =I21*35.315 -> 38.805346 | K21: 22000 | L21: =I21*K21 -> 24174.363 | M21: นีอิสลาม/ไม้ดี
I22: =D22*E22*F22*G22/1000000000 -> 0 | J22: =I22*35.315 -> 0 | K22: 22000 | L22: =I22*K22 -> 0 | M22: นีอิสลาม/ไม้ดี
D23: 1100 | E23: 1170 | F23: 1200 | G23: 1 | I23: =D23*E23*F23*G23/1000000000 -> 1.5444 | J23: =I23*35.315 -> 54.540486 | K23: 22000 | L23: =I23*K23 -> 33976.8 | M23: นีอิสลาม/ไม้ดี
D24: 1350 | E24: 1100 | F24: 800 | G24: 1 | I24: =D24*E24*F24*G24/1000000000 -> 1.188 | J24: =I24*35.315 -> 41.95422 | K24: 22000 | L24: =I24*K24 -> 26136 | M24: นีอิสลาม/ไม้ดี
I25: =D25*E25*F25*G25/1000000000 -> 0 | J25: =I25*35.315 -> 0 | K25: 22000 | L25: =I25*K25 -> 0 | M25: นีอิสลาม/ไม้ดี
I26: =D26*E26*F26*G26/1000000000 -> 0 | J26: =I26*35.315 -> 0 | K26: 22000 | L26: =I26*K26 -> 0 | M26: นีอิสลาม/ไม้ดี
I27: =D27*E27*F27*G27/1000000000 -> 0 | J27: =I27*35.315 -> 0 | K27: 22000 | L27: =I27*K27 -> 0 | M27: นีอิสลาม/ไม้ดี
I28: =D28*E28*F28*G28/1000000000 -> 0 | J28: =I28*35.315 -> 0 | K28: 22000 | L28: =I28*K28 -> 0 | M28: นีอิสลาม/ไม้ดี
I29: =D29*E29*F29*G29/1000000000 -> 0 | J29: =I29*35.315 -> 0 | K29: 22000 | L29: =I29*K29 -> 0
I30: =D30*E30*F30*G30/1000000000 -> 0 | J30: =I30*35.315 -> 0 | K30: 22000 | L30: =I30*K30 -> 0
I31: =D31*E31*F31*G31/1000000000 -> 0 | J31: =I31*35.315 -> 0 | K31: 22000 | L31: =I31*K31 -> 0
I32: =D32*E32*F32*G32/1000000000 -> 0 | J32: =I32*35.315 -> 0 | K32: 22000 | L32: =I32*K32 -> 0
I33: =D33*E33*F33*G33/1000000000 -> 0 | J33: =I33*35.315 -> 0 | K33: 22000 | L33: =I33*K33 -> 0
I34: =D34*E34*F34*G34/1000000000 -> 0 | J34: =I34*35.315 -> 0 | K34: 22000 | L34: =I34*K34 -> 0
I35: =D35*E35*F35*G35/1000000000 -> 0 | J35: =I35*35.315 -> 0 | K35: 22000 | L35: =I35*K35 -> 0
A36: TOTAL | G36: =SUM(G4:G35) -> 10764 | I36: =SUM(I4:I35) -> 13.877442 | J36: =SUM(J4:J35) -> 490.08187 | L36: =SUM(L4:L35) -> 305303.73

Sheet DB
A1: Double End Cutting ไม้ดี ,ไม้เสีย
A2: Date In | B2: Decription | C2: Actual size | D2: Size | G2: Quantity | H2: Rate | I2: M3 ลูกบาศก์ | J2: F3 ลูกบาศก์ | K2: Price | L2: Amount | M2: Remark
C3: T(mm) | D3: T(mm) | E3: W | F3: L | H3: （%）
B4: bbi-6000-386 | D4: 16.2 | E4: 252.4 | F4: 520.7 | G4: 14 | I4: =D4*E4*F4*G4/1000000000 -> 0.029807117 | J4: =I4*35.315 -> 1.0526384 | K4: 24000 | L4: =I4*K4 -> 715.37082 | N4: หนึ่ง
B5: bbi-6000-386 | D5: 16.1 | E5: 254 | F5: 668.3 | G5: 55 | I5: =D5*E5*F5*G5/1000000000 -> 0.15031203 | J5: =I5*35.315 -> 5.3082694 | K5: 24000 | L5: =I5*K5 -> 3607.4887 | N5: หนึ่ง
B6: bbi-6000-386 | D6: 16.1 | E6: 134.9 | F6: 744.5 | G6: 15 | I6: =D6*E6*F6*G6/1000000000 -> 0.024254582 | J6: =I6*35.315 -> 0.85655055 | K6: 24000 | L6: =I6*K6 -> 582.10996 | N6: หนึ่ง
B7: bbi-6000-386 | D7: 16.1 | E7: 254 | F7: 820.7 | G7: 29 | I7: =D7*E7*F7*G7/1000000000 -> 0.097328947 | J7: =I7*35.315 -> 3.4371718 | K7: 24000 | L7: =I7*K7 -> 2335.8947 | N7: หนึ่ง
B8: bbi-6000-386 | D8: 16.1 | E8: 254 | F8: 744.5 | G8: 28 | I8: =D8*E8*F8*G8/1000000000 -> 0.085247632 | J8: =I8*35.315 -> 3.0105201 | K8: 24000 | L8: =I8*K8 -> 2045.9432 | N8: หนึ่ง
B9: bbi-4900-406 | D9: 16.1 | E9: 86 | F9: 491 | G9: 618 | I9: =D9*E9*F9*G9/1000000000 -> 0.42014025 | J9: =I9*35.315 -> 14.837253 | K9: 24000 | L9: =I9*K9 -> 10083.366 | N9: หนึ่ง
B10: bbi-4900-406 | D10: 16.1 | E10: 86 | F10: 524 | G10: 2016 | I10: =D10*E10*F10*G10/1000000000 -> 1.4626693 | J10: =I10*35.315 -> 51.654166 | K10: 24000 | L10: =I10*K10 -> 35104.063 | N10: หนึ่ง
B11: bbi-4900-406 | D11: 16.1 | E11: 86 | F11: 568 | G11: 491 | I11: =D11*E11*F11*G11/1000000000 -> 0.38614832 | J11: =I11*35.315 -> 13.636828 | K11: 24000 | L11: =I11*K11 -> 9267.5598 | N11: หนึ่ง
I12: =D12*E12*F12*G12/1000000000 -> 0 | J12: =I12*35.315 -> 0 | K12: 24000 | L12: =I12*K12 -> 0 | N12: หนึ่ง
B13: ไม้เสีย | D13: 1000 | E13: 1180 | F13: 1050 | G13: 0.8 | I13: =D13*E13*F13*G13/1000000000 -> 0.9912 | J13: =I13*35.315 -> 35.004228 | K13: 24000 | L13: =I13*K13 -> 23788.8 | N13: หนึ่ง
B14: ไม้เสีย | D14: 780 | E14: 1180 | F14: 1190 | G14: 0.8 | I14: =D14*E14*F14*G14/1000000000 -> 0.8762208 | J14: =I14*35.315 -> 30.943738 | K14: 24000 | L14: =I14*K14 -> 21029.299 | N14: หนึ่ง
B15: ไม้เสีย | D15: 950 | E15: 1190 | F15: 1130 | G15: 0.8 | I15: =D15*E15*F15*G15/1000000000 -> 1.021972 | J15: =I15*35.315 -> 36.090941 | K15: 24000 | L15: =I15*K15 -> 24527.328 | N15: หนึ่ง
I16: =D16*E16*F16*G16/1000000000 -> 0 | J16: =I16*35.315 -> 0 | K16: 24000 | L16: =I16*K16 -> 0 | N16: หนึ่ง
I17: =D17*E17*F17*G17/1000000000 -> 0 | J17: =I17*35.315 -> 0 | K17: 24000 | L17: =I17*K17 -> 0 | N17: หนึ่ง
I18: =D18*E18*F18*G18/1000000000 -> 0 | J18: =I18*35.315 -> 0 | K18: 24000 | L18: =I18*K18 -> 0 | N18: หนึ่ง
I19: =D19*E19*F19*G19/1000000000 -> 0 | J19: =I19*35.315 -> 0 | K19: 24000 | L19: =I19*K19 -> 0 | N19: หนึ่ง
I20: =D20*E20*F20*G20/1000000000 -> 0 | J20: =I20*35.315 -> 0 | K20: 24000 | L20: =I20*K20 -> 0 | N20: หนึ่ง
I21: =D21*E21*F21*G21/1000000000 -> 0 | J21: =I21*35.315 -> 0 | K21: 24000 | L21: =I21*K21 -> 0 | N21: หนึ่ง
I22: =D22*E22*F22*G22/1000000000 -> 0 | J22: =I22*35.315 -> 0 | K22: 24000 | L22: =I22*K22 -> 0 | N22: หนึ่ง
I23: =D23*E23*F23*G23/1000000000 -> 0 | J23: =I23*35.315 -> 0 | K23: 24000 | L23: =I23*K23 -> 0 | N23: หนึ่ง
I24: =D24*E24*F24*G24/1000000000 -> 0 | J24: =I24*35.315 -> 0 | K24: 24000 | L24: =I24*K24 -> 0 | N24: หนึ่ง
I25: =D25*E25*F25*G25/1000000000 -> 0 | J25: =I25*35.315 -> 0 | K25: 24000 | L25: =I25*K25 -> 0 | N25: หนึ่ง
A26: TOTAL | G26: =SUM(G4:G25) -> 3268.4 | I26: =SUM(I4:I25) -> 5.545301 | J26: =SUM(J4:J25) -> 195.8323 | L26: =SUM(L4:L25) -> 133087.22

Sheet UV
A1: UV
A2: Date In | B2: Decription | C2: Actual size | D2: Size | G2: Quantity | H2: Rate | I2: M3 ลูกบาศก์ | J2: F3 ลูกบาศก์ | K2: Price | L2: Amount | M2: Remark
C3: T(mm) | D3: T(mm) | E3: W | F3: L | H3: （%）
D4: 15.8 | E4: 85.75 | F4: 520.7 | G4: 660 | I4: =D4*E4*F4*G4/1000000000 -> 0.46561046 | J4: =I4*35.315 -> 16.443033 | K4: 28000 | L4: =I4*K4 -> 13037.093 | M4: วินโซ
D5: 15.8 | E5: 161.9 | F5: 444.5 | G5: 47 | I5: =D5*E5*F5*G5/1000000000 -> 0.053440875 | J5: =I5*35.315 -> 1.8872645 | K5: 28000 | L5: =I5*K5 -> 1496.3445 | M5: วินโซ
D6: 15.8 | E6: 161.9 | F6: 981 | G6: 115 | I6: =D6*E6*F6*G6/1000000000 -> 0.28858303 | J6: =I6*35.315 -> 10.19131 | K6: 28000 | L6: =I6*K6 -> 8080.3247 | M6: วินโซ
D7: 15.8 | E7: 161.9 | F7: 447.6 | G7: 60 | I7: =D7*E7*F7*G7/1000000000 -> 0.068698185 | J7: =I7*35.315 -> 2.4260764 | K7: 28000 | L7: =I7*K7 -> 1923.5492 | M7: วินโซ
D8: 15.8 | E8: 85.75 | F8: 520.7 | G8: 30 | I8: =D8*E8*F8*G8/1000000000 -> 0.021164112 | J8: =I8*35.315 -> 0.74741061 | K8: 28000 | L8: =I8*K8 -> 592.59513 | M8: วินโซ
D9: 15.8 | E9: 85.75 | F9: 371 | G9: 173 | I9: =D9*E9*F9*G9/1000000000 -> 0.086958338 | J9: =I9*35.315 -> 3.0709337 | K9: 28000 | L9: =I9*K9 -> 2434.8335 | M9: วินโซ
D10: 15.8 | E10: 85.75 | F10: 828.7 | G10: 27 | I10: =D10*E10*F10*G10/1000000000 -> 0.030314633 | J10: =I10*35.315 -> 1.0705613 | K10: 28000 | L10: =I10*K10 -> 848.80973 | M10: วินโซ
D11: 15.8 | E11: 85.75 | F11: 730.3 | G11: 83 | I11: =D11*E11*F11*G11/1000000000 -> 0.082124097 | J11: =I11*35.315 -> 2.9002125 | K11: 28000 | L11: =I11*K11 -> 2299.4747 | M11: วินโซ
D12: 15.8 | E12: 85.75 | F12: 981.2 | G12: 146 | I12: =D12*E12*F12*G12/1000000000 -> 0.19408931 | J12: =I12*35.315 -> 6.8542639 | K12: 28000 | L12: =I12*K12 -> 5434.5006 | M12: วินโซ
D13: 15.8 | E13: 85.75 | F13: 444.5 | G13: 66 | I13: =D13*E13*F13*G13/1000000000 -> 0.039747234 | J13: =I13*35.315 -> 1.4036736 | K13: 28000 | L13: =I13*K13 -> 1112.9226 | M13: วินโซ
D14: 16 | E14: 86 | F14: 491 | G14: 618 | I14: =D14*E14*F14*G14/1000000000 -> 0.41753069 | J14: =I14*35.315 -> 14.745096 | K14: 28000 | L14: =I14*K14 -> 11690.859 | M14: วินโซ
D15: 16 | E15: 85.7 | F15: 286.7 | G15: 17 | I15: =D15*E15*F15*G15/1000000000 -> 0.0066830917 | J15: =I15*35.315 -> 0.23601338 | K15: 28000 | L15: =I15*K15 -> 187.12657 | M15: วินโซ
... D31: 15.8 | E31: 134 | F31: 439 | G31: 437 | I31: =D31*E31*F31*G31/1000000000 -> 0.40617 | J31: =I31*35.315 -> 14.343894 | K31: 28000 | L31: =I31*K31 -> 11372.76 | M31: วินโซ
I32: =D32*E32*F32*G32/1000000000 -> 0 | J32: =I32*35.315 -> 0 | K32: 28000 | L32: =I32*K32 -> 0 | M32: วินโซ
I33: =D33*E33*F33*G33/1000000000 -> 0 | J33: =I33*35.315 -> 0 | K33: 28000 | L33: =I33*K33 -> 0 | M33: วินโซ
I34: =D34*E34*F34*G34/1000000000 -> 0 | J34: =I34*35.315 -> 0 | K34: 28000 | L34: =I34*K34 -> 0 | M34: วินโซ
I35: =D35*E35*F35*G35/1000000000 -> 0 | J35: =I35*35.315 -> 0 | K35: 28000 | L35: =I35*K35 -> 0 | M35: วินโซ
I36: =D36*E36*F36*G36/1000000000 -> 0 | J36: =I36*35.315 -> 0 | K36: 28000 | L36: =I36*K36 -> 0 | M36: วินโซ
A37: TOTAL | G37: =SUM(G4:G36) -> 4474 | I37: =SUM(I4:I36) -> 4.8176474 | J37: =SUM(J4:J36) -> 170.13522 | L37: =SUM(L4:L36) -> 134894.13

Sheet PK1
B1: ชื่อไฟล์ | C1: เลขที่ (No.) | D1: ความหนา (หนา) | E1: ความกว้าง (กว้าง) | F1: ความยาว (ยาว) | G1: จำนวนชิ้น (Pcs) | H1: ปริมาตร (M3)
B2: IMG_1122.HEIC | C2: 8156643 | D2: 16 | E2: 76.2 | F2: 592.1 | G2: 120 | H2: =D2*E2*F2*G2/1000000000 -> 0.086626598
B3: IMG_1122.HEIC | C3: 8156644 | D3: 16 | E3: 76.2 | F3: 668.3 | G3: 120 | H3: =D3*E3*F3*G3/1000000000 -> 0.097774963
B4: IMG_1123.HEIC | C4: 66050519 | D4: 12.7 | E4: 44.45 | F4: 457.2 | G4: 840 | H4: =D4*E4*F4*G4/1000000000 -> 0.21680086
B5: IMG_1123.HEIC | C5: 66050510 | D5: 12.7 | E5: 34.93 | F5: 558.8 | G5: 630 | H5: =D5*E5*F5*G5/1000000000 -> 0.15617059
B6: IMG_1124.HEIC | C6: 87082 | D6: 16 | E6: 76.2 | F6: 515.9 | G6: 150 | H6: =D6*E6*F6*G6/1000000000 -> 0.094347792
B7: IMG_1124.HEIC | C7: 8156611 | D7: 16 | E7: 134.9 | F7: 668.3 | G7: 240 | H7: =D7*E7*F7*G7/1000000000 -> 0.34619009
B8: IMG_1124.HEIC | C8: 8156615 | D8: 16 | E8: 134.9 | F8: 973.1 | G8: 60 | H8: =D8*E8*F8*G8/1000000000 -> 0.12602034
B9: IMG_1125.HEIC | C9: 8156635 | D9: 16 | E9: 193.68 | F9: 896.9 | G9: 120 | H9: =D9*E9*F9*G9/1000000000 -> 0.33352626
B10: IMG_1125.HEIC | C10: 8156641 | D10: 16 | E10: 212.72 | F10: 592.1 | G10: 60 | H10: =D10*E10*F10*G10/1000000000 -> 0.12091345
B11: IMG_1125.HEIC | C11: 8156627 | D11: 16 | E11: 162 | F11: 1125.5 | G11: 60 | H11: =D11*E11*F11*G11/1000000000 -> 0.17503776
B12: IMG_1126.HEIC | C12: 8156667 | D12: 16 | E12: 120.6 | F12: 762 | G12: 120 | H12: =D12*E12*F12*G12/1000000000 -> 0.17644262
B13: IMG_1126.HEIC | C13: 8489 | D13: 15.9 | E13: 134.9 | F13: 820.7 | G13: 120 | H13: =D13*E13*F13*G13/1000000000 -> 0.21123932
... B59: IMG_1150.HEIC | C59: RW-FJ-FB-22216 | D59: 15.88 | E59: 107.95 | F59: 1219.2 | G59: 150 | H59: =D59*E59*F59*G59/1000000000 -> 0.31350131
A60: TOTAL | G60: =SUM(G2:G59) -> 50282 | H60: =SUM(H2:H59) -> 103.04689

Sheet PK2
A1: ชื่อไฟล์ | B1: เลขที่ (No.) | C1: ความหนา (หนา) | D1: ความกว้าง (กว้าง) | E1: ความยาว (ยาว) | F1: จำนวนชิ้น (Pcs) | G1: ปริมาตร (M3)
A2: IMG_1157.HEIC | B2: 7342 | C2: 15.88 | D2: 85.73 | E2: 587.38 | F2: 60 | G2: =C2*D2*E2*F2/1000000000 -> 0.04797928
A3: IMG_1157.HEIC | B3: 7295 | C3: 15.88 | D3: 85.73 | E3: 460.38 | F3: 21 | G3: =C3*D3*E3*F3/1000000000 -> 0.013161914
A4: IMG_1157.HEIC | B4: 7194 | C4: 15.88 | D4: 85.73 | E4: 307.98 | F4: 55 | G4: =C4*D4*E4*F4/1000000000 -> 0.02306049
A5: IMG_1157.HEIC | B5: 7296 | C5: 15.88 | D5: 85.73 | E5: 460.38 | F5: 42 | G5: =C5*D5*E5*F5/1000000000 -> 0.026323829
A6: IMG_1157.HEIC | B6: 7234 | C6: 15.88 | D6: 107.95 | E6: 257.18 | F6: 40 | G6: =C6*D6*E6*F6/1000000000 -> 0.017634791
A7: IMG_1157.HEIC | B7: 7382 | C7: 15.88 | D7: 107.95 | E7: 765.18 | F7: 25 | G7: =C7*D7*E7*F7/1000000000 -> 0.032792669
A8: IMG_1159.HEIC | B8: 8584 | C8: 15.88 | D8: 133.35 | E8: 714.38 | F8: 70 | G8: =C8*D8*E8*F8/1000000000 -> 0.10589388
A9: IMG_1159.HEIC | B9: 8627 | C9: 15.88 | D9: 209.55 | E9: 209.55 | F9: 140 | G9: =C9*D9*E9*F9/1000000000 -> 0.097623385
A10: IMG_1159.HEIC | B10: 8633 | C10: 15.88 | D10: 209.55 | E10: 412.75 | F10: 16 | G10: =C10*D10*E10*F10/1000000000 -> 0.021975827
A11: IMG_1160.HEIC | B11: BBI-46142721 | C11: 15.88 | D11: 57.15 | E11: 463.55 | F11: 8 | G11: =C11*D11*E11*F11/1000000000 -> 0.0033655288
A12: IMG_1160.HEIC | B12: BBI-46142718 | C12: 15.88 | D12: 57.15 | E12: 514.35 | F12: 7 | G12: =C12*D12*E12*F12/1000000000 -> 0.0032675596
A13: IMG_1160.HEIC | B13: BBI-46142720 | C13: 15.88 | D13: 57.15 | E13: 590.55 | F13: 24 | G13: =C13*D13*E13*F13/1000000000 -> 0.012862774
... A41: IMG_1168.HEIC | B41: 5010601 | C41: 15.88 | D41: 57.15 | E41: 463.55 | F41: 119 | G41: =C41*D41*E41*F41/1000000000 -> 0.05006224
A42: IMG_1168.HEIC | B42: 5010602 | C42: 15.88 | D42: 95.25 | E42: 463.55 | F42: 839 | G42: =C42*D42*E42*F42/1000000000 -> 0.58826638
A43: IMG_1168.HEIC | B43: 5010603 | C43: 15.88 | D43: 107.95 | E43: 463.55 | F43: 170 | G43: =C43*D43*E43*F43/1000000000 -> 0.13508858
A44: IMG_1168.HEIC | B44: 5010606 | C44: 15.88 | D44: 234.95 | E44: 463.55 | F44: 108 | G44: =C44*D44*E44*F44/1000000000 -> 0.18678685
A45: IMG_1168.HEIC | B45: 5010607 | C45: 15.88 | D45: 285.75 | E45: 463.55 | F45: 13 | G45: =C45*D45*E45*F45/1000000000 -> 0.027344921
A46: IMG_1168.HEIC | B46: 5010608 | C46: 15.88 | D46: 57.15 | E46: 539.75 | F46: 90 | G46: =C46*D46*E46*F46/1000000000 -> 0.044086122
A47: IMG_1168.HEIC | B47: 5010611 | C47: 15.88 | D47: 158.75 | E47: 539.75 | F47: 25 | G47: =C47*D47*E47*F47/1000000000 -> 0.034017069
A48: IMG_1168.HEIC | B48: 5010612 | C48: 15.88 | D48: 209.55 | E48: 539.75 | F48: 569 | G48: =C48*D48*E48*F48/1000000000 -> 1.0219816
A49: IMG_1168.HEIC | B49: 5010613 | C49: 15.88 | D49: 209.55 | E49: 539.75 | F49: 20 | G49: =C49*D49*E49*F49/1000000000 -> 0.035922025
A50: IMG_1168.HEIC | B50: 5010614 | C50: 15.88 | D50: 285.75 | E50: 539.75 | F50: 13 | G50: =C50*D50*E50*F50/1000000000 -> 0.031839977
A51: IMG_1168.HEIC | B51: 5010623 | C51: 15.88 | D51: 95.25 | E51: 2032 | F51: 282 | G51: =C51*D51*E51*F51/1000000000 -> 0.86673891
A52: IMG_1168.HEIC | B52: 5010624 | C52: 15.88 | D52: 107.95 | E52: 2032 | F52: 25 | G52: =C52*D52*E52*F52/1000000000 -> 0.087083697
A53: IMG_1168.HEIC | B53: 5010627 | C53: 15.88 | D53: 209.55 | E53: 2032 | F53: 70 | G53: =C53*D53*E53*F53/1000000000 -> 0.4733255
A54: IMG_1168.HEIC | B54: 5010628 | C54: 15.88 | D54: 285.75 | E54: 2032 | F54: 32 | G54: =C54*D54*E54*F54/1000000000 -> 0.29506006
A55: IMG_1169.HEIC | B55: 099.2055B | C55: 16.875 | D55: 153 | E55: 371 | F55: 220 | G55: =C55*D55*E55*F55/1000000000 -> 0.21073264
A56: IMG_1169.HEIC | B56: 099.2050B | C56: 15.875 | D56: 153 | E56: 294.8 | F56: 620 | G56: =C56*D56*E56*F56/1000000000 -> 0.44394006
A57: IMG_1170.HEIC | B57: 099.2320B | C57: 15.875 | D57: 153 | E57: 675.8 | F57: 70 | G57: =C57*D57*E57*F57/1000000000 -> 0.11490036
A58: IMG_1170.HEIC | B58: 099.2290B | C58: 15.875 | D58: 153 | E58: 269.4 | F58: 115 | G58: =C58*D58*E58*F58/1000000000 -> 0.075248976
A59: IMG_1170.HEIC | B59: 099.2255B | C59: 15.875 | D59: 76 | E59: 1219 | F59: 84 | G59: =C59*D59*E59*F59/1000000000 -> 0.12354077
A60: IMG_1170.HEIC | B60: 099.2220B | C60: 15.875 | D60: 252 | E60: 521 | F60: 190 | G60: =C60*D60*E60*F60/1000000000 -> 0.39600949
A61: IMG_1170.HEIC | B61: 099.2215B | C61: 15.875 | D61: 201 | E61: 521 | F61: 570 | G61: =C61*D61*E61*F61/1000000000 -> 0.94759415
A62: IMG_1170.HEIC | B62: 099.2205B | C62: 15.875 | D62: 151 | E62: 521 | F62: 614 | G62: =C62*D62*E62*F62/1000000000 -> 0.7668259
A63: IMG_1170.HEIC | B63: 099.2095B | C63: 15.875 | D63: 100 | E63: 445 | F63: 1040 | G63: =C63*D63*E63*F63/1000000000 -> 0.734695
A64: IMG_1170.HEIC | B64: 099.2095B | C64: 15.875 | D64: 100 | E64: 521 | F64: 1162 | G64: =C64*D64*E64*F64/1000000000 -> 0.96107568
A65: IMG_1170.HEIC | B65: 099.2080B | C65: 15.875 | D65: 49 | E65: 521 | F65: 38 | G65: =C65*D65*E65*F65/1000000000 -> 0.015400369
A66: IMG_1170.HEIC | B66: 099-2340 | C66: 15.9 | D66: 33.34 | E66: 458 | F66: 100 | G66: =C66*D66*E66*F66/1000000000 -> 0.024278855
... A70: IMG_1171.HEIC | B70: 66200473 | C70: 16 | D70: 85.7 | E70: 743.99 | F70: 95 | G70: =C70*D70*E70*F70/1000000000 -> 0.096915113
A71: IMG_1171.HEIC | B71: 66200466 | C71: 16 | D71: 85.7 | E71: 362.99 | F71: 100 | G71: =C71*D71*E71*F71/1000000000 -> 0.049773189
A72: IMG_1171.HEIC | B72: 66200465 | C72: 16 | D72: 85.7 | E72: 324.89 | F72: 29 | G72: =C72*D72*E72*F72/1000000000 -> 0.012919186
A73: IMG_1171.HEIC | B73: 66200464 | C73: 16 | D73: 85.7 | E73: 286.79 | F73: 30 | G73: =C73*D73*E73*F73/1000000000 -> 0.011797393
A74: IMG_1171.HEIC | B74: 66200462 | C74: 16 | D74: 85.7 | E74: 210.59 | F74: 50 | G74: =C74*D74*E74*F74/1000000000 -> 0.01443805
A75: IMG_1171.HEIC | B75: 66200472 | C75: 16 | D75: 85.7 | E75: 667.79 | F75: 50 | G75: =C75*D75*E75*F75/1000000000 -> 0.045783682
A76: IMG_1171.HEIC | B76: 66200471 | C76: 16 | D76: 85.7 | E76: 591.59 | F76: 60 | G76: =C76*D76*E76*F76/1000000000 -> 0.048671292
A77: IMG_1171.HEIC | B77: 652542 | C77: 12.7 | D77: 100 | E77: 812.01 | F77: 56 | G77: =C77*D77*E77*F77/1000000000 -> 0.057750151
A78: IMG_1171.HEIC | B78: 66200512 | C78: 16 | D78: 161.9 | E78: 210.59 | F78: 185 | G78: =C78*D78*E78*F78/1000000000 -> 0.10091978
A79: IMG_1171.HEIC | B79: 66200510 | C79: 16 | D79: 161.9 | E79: 667.79 | F79: 120 | G79: =C79*D79*E79*F79/1000000000 -> 0.20758119
A80: IMG_1171.HEIC | B80: 66200506 | C80: 16 | D80: 161.9 | E80: 324.89 | F80: 149 | G80: =C80*D80*E80*F80/1000000000 -> 0.12539766
A81: IMG_1171.HEIC | B81: 66200505 | C81: 16 | D81: 161.9 | E81: 286.79 | F81: 50 | G81: =C81*D81*E81*F81/1000000000 -> 0.037145041
A82: IMG_1171.HEIC | B82: 66200509 | C82: 16 | D82: 161.9 | E82: 515.39 | F82: 20 | G82: =C82*D82*E82*F82/1000000000 -> 0.026701325
A83: IMG_1171.HEIC | B83: 66200507 | C83: 16 | D83: 161.9 | E83: 362.99 | F83: 110 | G83: =C83*D83*E83*F83/1000000000 -> 0.10343182
A84: IMG_1171.HEIC | B84: 66200492 | C84: 16 | D84: 80.9 | E84: 436.98 | F84: 50 | G84: =C84*D84*E84*F84/1000000000 -> 0.028281346
A85: IMG_1171.HEIC | B85: 66200490 | C85: 16 | D85: 85.7 | E85: 896.39 | F85: 14 | G85: =C85*D85*E85*F85/1000000000 -> 0.01720782
A86: IMG_1171.HEIC | B86: 66200489 | C86: 16 | D86: 85.7 | E86: 820.19 | F86: 60 | G86: =C86*D86*E86*F86/1000000000 -> 0.067478672
A87: IMG_1171.HEIC | B87: 66200488 | C87: 16 | D87: 85.7 | E87: 743.99 | F87: 105 | G87: =C87*D87*E87*F87/1000000000 -> 0.1071167
A88: IMG_1171.HEIC | B88: 66200487 | C88: 16 | D88: 85.7 | E88: 667.79 | F88: 75 | G88: =C88*D88*E88*F88/1000000000 -> 0.068675524
A89: IMG_1171.HEIC | B89: 66200486 | C89: 16 | D89: 85.7 | E89: 591.59 | F89: 60 | G89: =C89*D89*E89*F89/1000000000 -> 0.048671292
A90: IMG_1171.HEIC | B90: 66200483 | C90: 16 | D90: 85.7 | E90: 439.19 | F90: 40 | G90: =C90*D90*E90*F90/1000000000 -> 0.024088693
A91: IMG_1171.HEIC | B91: 66200479 | C91: 16 | D91: 85.7 | E91: 286.79 | F91: 164 | G91: =C91*D91*E91*F91/1000000000 -> 0.064492417
A92: IMG_1171.HEIC | B92: 66200477 | C92: 16 | D92: 85.7 | E92: 210.59 | F92: 30 | G92: =C92*D92*E92*F92/1000000000 -> 0.0086628302
A93: IMG_1172.HEIC | B93: 66213807 | C93: 16 | D93: 157.1 | E93: 516.76 | F93: 170 | G93: =C93*D93*E93*F93/1000000000 -> 0.22081775
A94: IMG_1172.HEIC | B94: 66213806 | C94: 16 | D94: 157.1 | E94: 441.76 | F94: 15 | G94: =C94*D94*E94*F94/1000000000 -> 0.016656119
A95: IMG_1172.HEIC | B95: 66213804 | C95: 16 | D95: 80.9 | E95: 516.76 | F95: 465 | G95: =C95*D95*E95*F95/1000000000 -> 0.31103578
A96: IMG_1172.HEIC | B96: 66200528 | C96: 16 | D96: 157.1 | E96: 511.99 | F96: 104 | G96: =C96*D96*E96*F96/1000000000 -> 0.13384156
A97: IMG_1172.HEIC | B97: 66200527 | C97: 16 | D97: 157.1 | E97: 436.98 | F97: 70 | G97: =C97*D97*E97*F97/1000000000 -> 0.076887505
A98: IMG_1172.HEIC | B98: 66200523 | C98: 16 | D98: 161.9 | E98: 210.59 | F98: 25 | G98: =C98*D98*E98*F98/1000000000 -> 0.013637808
A99: IMG_1172.HEIC | B99: 66200521 | C99: 16 | D99: 161.9 | E99: 667.79 | F99: 78 | G99: =C99*D99*E99*F99/1000000000 -> 0.13492777
A100: IMG_1172.HEIC | B100: 66200520 | C100: 16 | D100: 161.9 | E100: 515.39 | F100: 95 | G100: =C100*D100*E100*F100/1000000000 -> 0.12683129
A101: IMG_1172.HEIC | B101: 66200518 | C101: 16 | D101: 161.9 | E101: 362.99 | F101: 30 | G101: =C101*D101*E101*F101/1000000000 -> 0.028208679
A102: IMG_1172.HEIC | B102: 66200516 | C102: 16 | D102: 161.9 | E102: 286.79 | F102: 155 | G102: =C102*D102*E102*F102/1000000000 -> 0.11514963
A103: IMG_1172.HEIC | B103: 984903 | C103: 19.05 | D103: 50.8 | E103: 831.06 | F103: 30 | G103: =C103*D103*E103*F103/1000000000 -> 0.0241275
A104: IMG_1172.HEIC | B104: 984901 | C104: 19.05 | D104: 50.8 | E104: 678.66 | F104: 105 | G104: =C104*D104*E104*F104/1000000000 -> 0.068960475
A105: IMG_1172.HEIC | B105: 984893 | C105: 19.05 | D105: 50.8 | E105: 297.66 | F105: 330 | G105: =C105*D105*E105*F105/1000000000 -> 0.095058971
A106: IMG_1172.HEIC | B106: 984890 | C106: 19.05 | D106: 50.8 | E106: 221.46 | F106: 605 | G106: =C106*D106*E106*F106/1000000000 -> 0.129661
A107: TOTAL | F107: =SUM(F2:F106) -> 15375 | G107: =SUM(G2:G106) -> 14.458227

Sheet PK-Accessary 
A1: Packing Accessary
A2: Date In | B2: Decription | C2: Actual size | D2: T(mm) | E2: W | F2: L | G2: M3 | H2: Quantity | I2: Rate | J2: M3/pieces | K2: M3 /Amount | L2: Price USD | M2: Previous Price | N2: Discount 3% | O2: rate | P2: Amount | Q2: Remark
C3: T(mm) | D3: Size | I3: （%） | M3: USD
A4: BBI-8080-1010 | B4: 5839367 | D4: 95.3 | E4: 371.5 | F4: 533.4 | G4: =D4*E4*F4/1000000000 -> 0.018884467 | H4: 378 | J4: 0.00643 | K4: =J4*H4 -> 2.43054 | L4: =M4-N4 -> 24.7932 | M4: 25.56 | N4: =M4*3% -> 0.7668 | O4: 32.5 | P4: =H4*L4*O4*0.95 -> 289355.24 | Q4: Packed
B5: 5839370 | D5: 95.3 | E5: 447.7 | F5: 533.4 | G5: =D5*E5*F5/1000000000 -> 0.022757943 | H5: 112 | J5: 0.00751 | K5: =J5*H5 -> 0.84112 | L5: 27.96 | M5: 28.82 | N5: =M5*3% -> 0.8646 | O5: 32.5 | P5: =H5*L5*O5*0.95 -> 96685.68 | Q5: Packed
B6: 5839369 | D6: 95.3 | E6: 523.9 | F6: 533.4 | G6: =D6*E6*F6/1000000000 -> 0.026631419 | H6: 224 | J6: 0.00842 | K6: =J6*H6 -> 1.88608 | L6: 29.76 | M6: 30.68 | N6: =M6*3% -> 0.9204 | O6: 32.5 | P6: =H6*L6*O6*0.95 -> 205820.16 | Q6: Packed
B7: 5839368 | D7: 95.3 | E7: 295.3 | F7: 533.4 | G7: =D7*E7*F7/1000000000 -> 0.015010991 | H7: 42 | J7: 0.00539 | K7: =J7*H7 -> 0.22638 | L7: 21.64 | M7: 22.31 | N7: =M7*3% -> 0.6693 | O7: 32.5 | P7: =H7*L7*O7*0.95 -> 28061.67 | Q7: Packed
B8: 6024773 | D8: 95.3 | E8: 676.3 | F8: 533.4 | G8: =D8*E8*F8/1000000000 -> 0.034378371 | J8: 0.01009 | K8: =J8*H8 -> 0 | N8: =M8*3%-M8 -> 0 | O8: 32.5 | P8: =H8*L8*O8*0.95 -> 0 | Q8: Packed
B9: 6024779 | D9: 95.3 | E9: 828.7 | F9: 533.4 | G9: =D9*E9*F9/1000000000 -> 0.042125324 | J9: 0.01197 | K9: =J9*H9 -> 0 | N9: =M9*3%-M9 -> 0 | O9: 32.5 | P9: =H9*L9*O9*0.95 -> 0 | Q9: Packed
B10: 6329202 | D10: 95.3 | E10: 339.8 | F10: 533.4 | G10: =D10*E10*F10/1000000000 -> 0.01727306 | J10: 0.00584 | K10: =J10*H10 -> 0 | N10: =M10*3%-M10 -> 0 | O10: 32.5 | P10: =H10*L10*O10*0.95 -> 0 | Q10: Packed
B11: 6329205 | D11: 95.3 | E11: 416 | F11: 533.4 | G11: =D11*E11*F11/1000000000 -> 0.021146536 | J11: 0.00687 | K11: =J11*H11 -> 0 | L11: =M11-N11 -> 27.0533 | M11: 27.89 | N11: =M11*3% -> 0.8367 | O11: 32.5 | P11: =H11*L11*O11*0.95 -> 0 | Q11: Packed
B12: 6329206 | D12: 95.3 | E12: 492.2 | F12: 533.4 | G12: =D12*E12*F12/1000000000 -> 0.025020012 | J12: 0.00772 | K12: =J12*H12 -> 0 | L12: =M12-N12 -> 28.8575 | M12: 29.75 | N12: =M12*3% -> 0.8925 | O12: 32.5 | P12: =H12*L12*O12*0.95 -> 0 | Q12: Packed
B13: 6329207 | D13: 95.3 | E13: 568.4 | F13: 533.4 | G13: =D13*E13*F13/1000000000 -> 0.028893489 | J13: 0.00886 | K13: =J13*H13 -> 0 | L13: =M13-N13 -> 30.6617 | M13: 31.61 | N13: =M13*3% -> 0.9483 | O13: 32.5 | P13: =H13*L13*O13*0.95 -> 0 | Q13: Packed
B14: 6722818 | D14: 95.3 | E14: 873.2 | F14: 533.4 | G14: =D14*E14*F14/1000000000 -> 0.044387393 | H14: 14 | J14: 0.01377 | K14: =J14*H14 -> 0.19278 | L14: =M14-N14 -> 61.3137 | M14: 63.21 | N14: =M14*3% -> 1.8963 | O14: 32.5 | P14: =H14*L14*O14*0.95 -> 26502.847 | Q14: Packed
B15: 6722817 | D15: 95.3 | E15: 720.8 | F15: 533.4 | G15: =D15*E15*F15/1000000000 -> 0.036640441 | H15: 10 | J15: 0.01154 | K15: =J15*H15 -> 0.1154 | L15: =M15-N15 -> 52.3024 | M15: 53.92 | N15: =M15*3% -> 1.6176 | O15: 32.5 | P15: =H15*L15*O15*0.95 -> 16148.366 | Q15: Packed
B16: 6722815 | D16: 95.3 | E16: 676.3 | F16: 533.4 | G16: =D16*E16*F16/1000000000 -> 0.034378371 | H16: 168 | J16: 0.01127 | K16: =J16*H16 -> 1.89336 | L16: =M16-N16 -> 49.5961 | M16: 51.13 | N16: =M16*3% -> 1.5339 | O16: 32.5 | P16: =H16*L16*O16*0.95 -> 257254.97 | Q16: Packed
B17: 6722816 | D17: 95.3 | E17: 828.7 | F17: 533.4 | G17: =D17*E17*F17/1000000000 -> 0.042125324 | H17: 112 | J17: 0.0135 | K17: =J17*H17 -> 1.512 | L17: =M17-N17 -> 58.6171 | M17: 60.43 | N17: =M17*3% -> 1.8129 | O17: 32.5 | P17: =H17*L17*O17*0.95 -> 202697.93 | Q17: Packed
B18: 9330477 | D18: 95.25 | E18: 558.8 | F18: 525.46 | G18: =D18*E18*F18/1000000000 -> 0.027967976 | H18: 16 | K18: =G18*H18 -> 0.44748762
B19: 9330451 | D19: 95.25 | E19: 482.6 | F19: 525.46 | G19: =D19*E19*F19/1000000000 -> 0.024154161 | H19: 32 | K19: =G19*H19 -> 0.77293316
B20: 9330275 | D20: 95.25 | E20: 406.4 | F20: 525.46 | G20: =D20*E20*F20/1000000000 -> 0.020340346 | H20: 24 | K20: =G20*H20 -> 0.48816831
B21: 9330230 | D21: 95.25 | E21: 330.2 | F21: 525.46 | G21: =D21*E21*F21/1000000000 -> 0.016526531 | H21: 48 | K21: =G21*H21 -> 0.79327351
A22: BBI-4900-1010 | B22: 5945991 | D22: 95.3 | E22: 873.2 | F22: 539.75 | G22: =D22*E22*F22/1000000000 -> 0.044915814 | K22: =G22*H22 -> 0 | N22: =M22*3%-M22 -> 0 | O22: 32.5 | P22: =H22*L22*O22*0.95 -> 0 | Q22: Packed
B23: 5945990 | D23: 95.3 | E23: 720.7 | F23: 539.75 | G23: =D23*E23*F23/1000000000 -> 0.037071493 | H23: 14 | J23: 0.0102 | K23: =J23*H23 -> 0.1428 | L23: =M23-N23 -> 36.0743 | M23: 37.19 | N23: =M23*3% -> 1.1157 | O23: 32.5 | P23: =H23*L23*O23*0.95 -> 15593.116 | Q23: Packed
B24: 5945989 | D24: 95.3 | E24: 568.3 | F24: 539.75 | G24: =D24*E24*F24/1000000000 -> 0.029232315 | H24: 14 | J24: 0.00862 | K24: =J24*H24 -> 0.12068 | L24: =M24-N24 -> 29.7596 | M24: 30.68 | N24: =M24*3% -> 0.9204 | O24: 32.5 | P24: =H24*L24*O24*0.95 -> 12863.587 | Q24: Packed
B25: 5945988 | D25: 95.3 | E25: 492.2 | F25: 539.75 | G25: =D25*E25*F25/1000000000 -> 0.02531787 | H25: 14 | J25: 0.00785 | K25: =J25*H25 -> 0.1099 | N25: =M25*3%-M25 -> 0 | O25: 32.5 | P25: =H25*L25*O25*0.95 -> 0 | Q25: Packed
B26: 5945987 | D26: 95.3 | E26: 415.9 | F26: 539.75 | G26: =D26*E26*F26/1000000000 -> 0.021393137 | H26: 28 | J26: 0.006633 | K26: =J26*H26 -> 0.185724 | L26: =M26-N26 -> 27.4995 | M26: 28.35 | N26: =M26*3% -> 0.8505 | O26: 32.5 | P26: =H26*L26*O26*0.95 -> 23773.318 | Q26: Packed
B27: 5927933 | D27: 95.3 | E27: 339.7 | F27: 539.75 | G27: =D27*E27*F27/1000000000 -> 0.017473548 | J27: 0.00565 | K27: =J27*H27 -> 0 | L27: =M27-N27 -> 24.347 | M27: 25.1 | N27: =M27*3% -> 0.753 | O27: 32.5 | P27: =H27*L27*O27*0.95 -> 0 | Q27: Packed
A28: BBI-6120-1020 | B28: 6730068 | D28: 63.5 | E28: 185.74 | F28: 438.15 | G28: =D28*E28*F28/1000000000 -> 0.0051677558 | J28: 0.00109132 | K28: =J28*H28 -> 0 | N28: =M28*3%-M28 -> 0 | O28: 32.5 | P28: =H28*L28*O28*0.95 -> 0 | Q28: Packed
B29: 6730070 | D29: 63.5 | E29: 261.94 | F29: 438.15 | G29: =D29*E29*F29/1000000000 -> 0.0072878322 | J29: 0.00143284 | K29: =J29*H29 -> 0 | L29: =M29-N29 -> 10.5827 | M29: 10.91 | N29: =M29*3% -> 0.3273 | O29: 32.5 | P29: =H29*L29*O29*0.95 -> 0 | Q29: Packed
B30: 6730072 | D30: 63.5 | E30: 338.14 | F30: 438.15 | G30: =D30*E30*F30/1000000000 -> 0.0094079086 | H30: 40 | J30: 0.00177533 | K30: =J30*H30 -> 0.0710132 | L30: =M30-N30 -> 12.2414 | M30: 12.62 | N30: =M30*3% -> 0.3786 | O30: 32.5 | P30: =H30*L30*O30*0.95 -> 15118.129 | Q30: Packed
B31: 6730074 | D31: 63.5 | E31: 414.34 | F31: 438.15 | G31: =D31*E31*F31/1000000000 -> 0.011527985 | J31: 0.002117 | K31: =J31*H31 -> 0 | L31: =M31-N31 -> 13.8904 | M31: 14.32 | N31: =M31*3% -> 0.4296 | O31: 32.5 | P31: =H31*L31*O31*0.95 -> 0 | Q31: Packed
B32: 6730076 | D32: 63.5 | E32: 490.54 | F32: 438.15 | G32: =D32*E32*F32/1000000000 -> 0.013648061 | H32: 20 | J32: 0.00245933 | K32: =J32*H32 -> 0.0491866 | L32: =M32-N32 -> 15.1805 | M32: 15.65 | N32: =M32*3% -> 0.4695 | O32: 32.5 | P32: =H32*L32*O32*0.95 -> 9373.9587 | Q32: Packed
B33: 6730078 | D33: 63.5 | E33: 566.74 | F33: 438.15 | G33: =D33*E33*F33/1000000000 -> 0.015768138 | H33: 40 | J33: 0.00243821 | K33: =J33*H33 -> 0.0975284 | L33: =M33-N33 -> 15.6461 | M33: 16.13 | N33: =M33*3% -> 0.4839 | O33: 32.5 | P33: =H33*L33*O33*0.95 -> 19322.933 | Q33: Packed
B34: 6730080 | D34: 63.5 | E34: 642.94 | F34: 438.15 | G34: =D34*E34*F34/1000000000 -> 0.017888214 | H34: 60 | J34: 0.00276483 | K34: =J34*H34 -> 0.1658898 | L34: =M34-N34 -> 16.9265 | M34: 17.45 | N34: =M34*3% -> 0.5235 | O34: 32.5 | P34: =H34*L34*O34*0.95 -> 31356.341 | Q34: Packed
A35: BBI-6120-1070 | B35: 6729573 | D35: 36.51 | E35: 185.34 | F35: 499.66 | G35: =D35*E35*F35/1000000000 -> 0.003381081 | H35: 10 | J35: 0.00094 | K35: =J35*H35 -> 0.0094 | L35: =M35-N35 -> 8.2741 | M35: 8.53 | N35: =M35*3% -> 0.2559 | O35: 32.5 | P35: =H35*L35*O35*0.95 -> 2554.6284 | Q35: Packed
B36: 6729581 | D36: 36.51 | E36: 261.54 | F36: 499.66 | G36: =D36*E36*F36/1000000000 -> 0.0047711661 | H36: 20 | J36: 0.00454 | K36: =J36*H36 -> 0.0908 | L36: =M36-N36 -> 10.9804 | M36: 11.32 | N36: =M36*3% -> 0.3396 | O36: 32.5 | P36: =H36*L36*O36*0.95 -> 6780.397 | Q36: Packed
B37: 6729589 | D37: 36.51 | E37: 337.74 | F37: 499.66 | G37: =D37*E37*F37/1000000000 -> 0.0061612512 | H37: 80 | J37: 0.00245 | K37: =J37*H37 -> 0.196 | L37: =M37-N37 -> 13.7158 | M37: 14.14 | N37: =M37*3% -> 0.4242 | O37: 32.5 | P37: =H37*L37*O37*0.95 -> 33878.026 | Q37: Packed
B38: 6729597 | D38: 36.51 | E38: 413.94 | F38: 499.66 | G38: =D38*E38*F38/1000000000 -> 0.0075513363 | J38: 0.02582 | K38: =J38*H38 -> 0 | L38: =M38-N38 -> 16.4512 | M38: 16.96 | N38: =M38*3% -> 0.5088 | O38: 32.5 | P38: =H38*L38*O38*0.95 -> 0 | Q38: Packed
B39: 6729605 | D39: 36.51 | E39: 490.14 | F39: 499.66 | G39: =D39*E39*F39/1000000000 -> 0.0089414214 | H39: 10 | J39: 0.00355 | K39: =J39*H39 -> 0.0355 | L39: =M39-N39 -> 18.7307 | M39: 19.31 | N39: =M39*3% -> 0.5793 | O39: 32.5 | P39: =H39*L39*O39*0.95 -> 5783.1036 | Q39: Packed
B40: 6729613 | D40: 36.51 | E40: 566.34 | F40: 499.66 | G40: =D40*E40*F40/1000000000 -> 0.010331506 | H40: 50 | J40: 0.00409 | K40: =J40*H40 -> 0.2045 | L40: =M40-N40 -> 21.3206 | M40: 21.98 | N40: =M40*3% -> 0.6594 | O40: 32.5 | P40: =H40*L40*O40*0.95 -> 32913.676 | Q40: Packed
B41: 3745140 | D41: 36.51 | E41: 223.44 | F41: 499.66 | G41: =D41*E41*F41/1000000000 -> 0.0040761235 | J41: 0.00162 | K41: =J41*H41 -> 0 | O41: 32.5 | P41: =H41*L41*O41*0.95 -> 0 | Q41: Packed
B42: 3745148 | D42: 36.51 | E42: 299.64 | F42: 499.66 | G42: =D42*E42*F42/1000000000 -> 0.0054662086 | J42: 0.00217 | K42: =J42*H42 -> 0 | O42: 32.5 | P42: =H42*L42*O42*0.95 -> 0 | Q42: Packed
B43: 3745156 | D43: 36.51 | E43: 375.84 | F43: 499.66 | G43: =D43*E43*F43/1000000000 -> 0.0068562937 | J43: 0.00272 | K43: =J43*H43 -> 0 | L43: =M43-N43 -> 15.0447 | M43: 15.51 | N43: =M43*3% -> 0.4653 | O43: 32.5 | P43: =H43*L43*O43*0.95 -> 0 | Q43: Packed
B44: 3745164 | D44: 36.51 | E44: 452.04 | F44: 499.66 | G44: =D44*E44*F44/1000000000 -> 0.0082463788 | J44: 0.00328 | K44: =J44*H44 -> 0 | O44: 32.5 | P44: =H44*L44*O44*0.95 -> 0 | Q44: Packed
B45: 3745172 | D45: 36.51 | E45: 528.24 | F45: 499.66 | G45: =D45*E45*F45/1000000000 -> 0.0096364639 | J45: 0.00383 | K45: =J45*H45 -> 0 | L45: =M45-N45 -> 20.0499 | M45: 20.67 | N45: =M45*3% -> 0.6201 | O45: 32.5 | P45: =H45*L45*O45*0.95 -> 0 | Q45: Packed
B46: 3745180 | D46: 36.51 | E46: 604.44 | F46: 499.66 | G46: =D46*E46*F46/1000000000 -> 0.011026549 | J46: 0.00438 | K46: =J46*H46 -> 0 | L46: =M46-N46 -> 22.6398 | M46: 23.34 | N46: =M46*3% -> 0.7002 | O46: 32.5 | P46: =H46*L46*O46*0.95 -> 0 | Q46: Packed
B47: 9339880 | D47: 36.5 | E47: 292.1 | F47: 487.4 | G47: =D47*E47*F47/1000000000 -> 0.0051964882 | H47: 30 | J47: 0.00438 | K47: =H47*J47 -> 0.1314
B48: 9339888 | D48: 36.5 | E48: 368.3 | F48: 487.4 | G48: =D48*E48*F48/1000000000 -> 0.0065520938 | H48: 10 | J48: 0.00438 | K48: =H48*J48 -> 0.0438
B49: 9339889 | D49: 36.5 | E49: 444.5 | F49: 487.4 | G49: =D49*E49*F49/1000000000 -> 0.0079076994 | H49: 10 | J49: 0.00438 | K49: =H49*J49 -> 0.0438
B50: 9339890 | D50: 36.5 | E50: 520.7 | F50: 487.4 | G50: =D50*E50*F50/1000000000 -> 0.0092633051 | H50: 10 | J50: 0.00438 | K50: =H50*J50 -> 0.0438
B51: 9339892 | D51: 36.5 | E51: 596.9 | F51: 487.4 | G51: =D51*E51*F51/1000000000 -> 0.010618911 | H51: 10 | J51: 0.00438 | K51: =H51*J51 -> 0.0438
A52: BBI-6120-1071 | B52: 9010418 | D52: 57.15 | E52: 273.05 | F52: 698.5 | G52: =D52*E52*F52/1000000000 -> 0.010899958 | H52: 24 | J52: 0.0031 | K52: =J52*H52 -> 0.0744 | L52: =M52-N52 -> 29.7693 | M52: 30.69 | N52: =M52*3% -> 0.9207 | O52: 32.5 | P52: =H52*L52*O52*0.95 -> 22059.051 | Q52: Packed
B53: 9010441 | D53: 57.15 | E53: 565.15 | F53: 698.5 | G53: =D53*E53*F53/1000000000 -> 0.022560378 | H53: 24 | J53: 0.0053 | K53: =J53*H53 -> 0.1272 | L53: =M53-N53 -> 34.2798 | M53: 35.34 | N53: =M53*3% -> 1.0602 | O53: 32.5 | P53: =H53*L53*O53*0.95 -> 25401.332 | Q53: Packed
B54: 9010427 | D54: 133.35 | E54: 273.05 | F54: 698.5 | G54: =D54*E54*F54/1000000000 -> 0.025433235 | H54: 15 | J54: 0.0068 | K54: =J54*H54 -> 0.102 | L54: =M54-N54 -> 33.3777 | M54: 34.41 | N54: =M54*3% -> 1.0323 | O54: 32.5 | P54: =H54*L54*O54*0.95 -> 15458.047 | Q54: Packed
B55: 9010442 | D55: 133.35 | E55: 565.15 | F55: 698.5 | G55: =D55*E55*F55/1000000000 -> 0.052640883 | H55: 110 | J55: 0.011 | K55: =J55*H55 -> 1.21 | L55: =M55-N55 -> 37.8882 | M55: 39.06 | N55: =M55*3% -> 1.1718 | O55: 32.5 | P55: =H55*L55*O55*0.95 -> 128677.8 | Q55: Packed
A56: BBI-6120-1080 | B56: 9014856 | D56: 101.6 | E56: 228.6 | F56: 609.6 | G56: =D56*E56*F56/1000000000 -> 0.014158423 | J56: 0.0316 | K56: =J56*H56 -> 0 | L56: =M56-N56 -> 17.3242 | M56: 17.86 | N56: =M56*3% -> 0.5358 | O56: 32.5 | P56: =H56*L56*O56*0.95 -> 0 | Q56: Packed
B57: 9014859 | D57: 101.6 | E57: 304.8 | F57: 609.6 | G57: =D57*E57*F57/1000000000 -> 0.018877898 | H57: 18 | J57: 0.0037 | K57: =J57*H57 -> 0.0666 | L57: =M57-N57 -> 21.3788 | M57: 22.04 | N57: =M57*3% -> 0.6612 | O57: 32.5 | P57: =H57*L57*O57*0.95 -> 11881.268 | Q57: Packed
B58: 9014863 | D58: 101.6 | E58: 381 | F58: 609.6 | G58: =D58*E58*F58/1000000000 -> 0.023597372 | J58: 0.0043 | K58: =J58*H58 -> 0 | L58: =M58-N58 -> 25.6177 | M58: 26.41 | N58: =M58*3% -> 0.7923 | O58: 32.5 | P58: =H58*L58*O58*0.95 -> 0 | Q58: Packed
B59: 9014864 | D59: 101.6 | E59: 457.2 | F59: 609.6 | G59: =D59*E59*F59/1000000000 -> 0.028316847 | H59: 12 | J59: 0.0048 | K59: =J59*H59 -> 0.0576 | L59: =M59-N59 -> 29.7693 | M59: 30.69 | N59: =M59*3% -> 0.9207 | O59: 32.5 | P59: =H59*L59*O59*0.95 -> 11029.526 | Q59: Packed
A60: BBI-8380-1021 | B60: 4851149 | D60: 63.5 | E60: 562.1 | F60: 493.7 | G60: =D60*E60*F60/1000000000 -> 0.017621807 | J60: 0.007194 | K60: =J60*H60 -> 0 | L60: =M60-N60 -> 35.7057 | M60: 36.81 | N60: =M60*3% -> 1.1043 | O60: 32.5 | P60: =H60*L60*O60*0.95 -> 0 | Q60: Packed
B61: 4888757 | D61: 63.5 | E61: 333.5 | F61: 493.7 | G61: =D61*E61*F61/1000000000 -> 0.010455208 | J61: 0.004682 | K61: =J61*H61 -> 0 | O61: 32.5 | P61: =H61*L61*O61*0.95 -> 0 | Q61: Packed
A62: BBI-8080-500 | B62: 8177319 | D62: 38.59 | E62: 711.2 | G62: =((E62/2)*(E62/2)*3.14*D62)/1000000000 -> 0.01532244 | J62: 0.00606 | K62: =J62*H62 -> 0 | O62: 32.5 | P62: =H62*L62*O62*0.95 -> 0 | Q62: Packed
B63: 8177323 | D63: 38.59 | E63: 812.8 | G63: =((E63/2)*(E63/2)*3.14*D63)/1000000000 -> 0.020012983 | J63: 0.00696 | K63: =J63*H63 -> 0 | L63: =M63-N63 -> 12.9883 | M63: 13.39 | N63: =M63*3% -> 0.4017 | O63: 32.5 | P63: =H63*L63*O63*0.95 -> 0 | Q63: Packed
B64: 8179126 | D64: 38.59 | E64: 711.2 | G64: =((E64/2)*(E64/2)*3.14*D64)/1000000000 -> 0.01532244 | J64: 0.00606 | K64: =J64*H64 -> 0 | O64: 32.5 | P64: =H64*L64*O64*0.95 -> 0 | Q64: Packed
B65: 9232315 | D65: 38.59 | E65: 711.2 | G65: =((E65/2)*(E65/2)*3.14*D65)/1000000000 -> 0.01532244 | H65: 40 | J65: 0.00606 | K65: =J65*H65 -> 0.2424 | L65: =M65-N65 -> 11.1938 | M65: 11.54 | N65: =M65*3% -> 0.3462 | O65: 32.5 | P65: =H65*L65*O65*0.95 -> 13824.343 | Q65: Packed
B66: 9232335 | D66: 38.59 | E66: 812.8 | G66: =((E66/2)*(E66/2)*3.14*D66)/1000000000 -> 0.020012983 | H66: 440 | J66: 0.00696 | K66: =J66*H66 -> 3.0624 | L66: =M66-N66 -> 12.9883 | M66: 13.39 | N66: =M66*3% -> 0.4017 | O66: 32.5 | P66: =H66*L66*O66*0.95 -> 176446.06 | Q66: Packed
B67: 9237601 | D67: 38.59 | E67: 711.2 | G67: =((E67/2)*(E67/2)*3.14*D67)/1000000000 -> 0.01532244 | J67: 0.00606 | K67: =J67*H67 -> 0 | L67: =M67-N67 -> 11.1938 | M67: 11.54 | N67: =M67*3% -> 0.3462 | O67: 32.5 | P67: =H67*L67*O67*0.95 -> 0 | Q67: Packed
B68: 3079129 | D68: 25.4 | E68: 711.2 | G68: =((E68/2)*(E68/2)*3.14*D68)/1000000000 -> 0.010085255 | K68: =J68*H68 -> 0 | O68: 32.5 | P68: =H68*L68*O68*0.95 -> 0
B69: 3079132 | D69: 25.4 | E69: 812.8 | G69: =((E69/2)*(E69/2)*3.14*D69)/1000000000 -> 0.013172578 | K69: =J69*H69 -> 0 | O69: 32.5 | P69: =H69*L69*O69*0.95 -> 0
A70: TOTAL | H70: =SUM(H4:H69) -> 2333 | K70: =SUM(K4:K69) -> 18.327645 | L70: =H70/K70 -> 127.29404 | P70: =SUM(P4:P69) -> 1736615.5

Sheet Summary Inventory 
A1: Type | B1: July - 2026 Inventory Process | C1: M3 | D1: Price/ M3 | E1: TOTAL
A2: WIP | B2: Cutting | C2: ='CT1'!I40 -> 29.424236 | D2: 15000 | E2: ='CT1'!L40 -> 441363.53
A3: WIP | B3: S4S | C3: =S4S!I62 -> 31.349463 | D3: 16000 | E3: =S4S!L62 -> 501591.4
A4: WIP | B4: HFC | C4: =HFC!I31 -> 8.4313871 | D4: 18000 | E4: =HFC!L31 -> 151764.97
A5: WIP | B5: Finger joint | C5: =FJ!I70 -> 75.881565 | D5: 17000 | E5: =FJ!L70 -> 1289986.6
A6: WIP | B6: Running saw / Rip Saw | C6: ='RS-RUN'!I24+'RS-RUN'!I40 -> 14.369029 | D6: 20000 | E6: ='RS-RUN'!L24+'RS-RUN'!L40 -> 287380.58
A7: WIP | B7: Sanding | C7: =SD!I34 -> 18.894152 | D7: 21000 | E7: =SD!L34 -> 396777.19
A8: WIP | B8: Moulding | C8: =MD!I36 -> 13.877442 | D8: 22000 | E8: =MD!L36 -> 305303.73
A9: WIP | B9: Double Cutting | C9: =DB!I26 -> 5.545301 | D9: 24000 | E9: =DB!L26 -> 133087.22
A10: WIP | B10: Paint / UV | C10: =UV!I37 -> 4.8176474 | D10: 28000 | E10: =UV!L37 -> 134894.13
A11: Finish good | B11: Packing 1 - Complate 1 Pallete | C11: ='PK1'!H60 -> 103.04689 | D11: 32000 | E11: =C11*D11 -> 3297500.5
A12: Finish good | B12: Packing 2 - Not Complate 1 Pallete | C12: ='PK2'!G107 -> 14.458227 | D12: 32000 | E12: =C12*D12 -> 462663.27
A13: Finish good | B13: Packing - Spring Tray & Two Tier | C13: ='PK-Accessary '!K70 -> 18.327645 | D13: ='PK-Accessary '!P70/'PK-Accessary '!K70 -> 94753.883 | E13: ='PK-Accessary '!P70 -> 1736615.5
A14: Material | B14: Material ( Lumber / Board ) | C14: ='LB-Board'!I10 -> 33.79 | D14: ='LB-Board'!M10/'LB-Board'!I10 -> 19574.108 | E14: ='LB-Board'!M10 -> 661409.1
A15: Material | B15: Marerial ( China ) - Popla | C15: ='MAT-CHINA'!AN429 -> 249.42131 | D15: ='MAT-CHINA'!AQ429/'MAT-CHINA'!AN429 -> 23000.572 | E15: ='MAT-CHINA'!AQ429 -> 5736832.8
A16: Material | B16: Marerial ( China ) - Birch | C16: ='MAT-CHINA'!AN430 -> 56.823056 | D16: ='MAT-CHINA'!AQ430/'MAT-CHINA'!AN430 -> 31062.077 | E16: ='MAT-CHINA'!AQ430 -> 1765042.1
A17: Material | B17: Material ( Taiwan) | C17: ='TAIWAN (Rev)'!AM224 -> 107.52894 | D17: 9806.54 | E17: =C17*D17 -> 1054486.8
A18: Material | B18: Material (Indoneesia ) | C18: ='MAT-INDO'!AN51 -> 37.991358 | D18: ='MAT-INDO'!AP51/'MAT-INDO'!AN51 -> 18591.778 | E18: ='MAT-INDO'!AP51 -> 706326.91
A19: Material | B19: Material (Vietnam)-MDF-BIRCH | C19: =VIETNAM!AN18 -> 15.698155 | D19: =VIETNAM!AQ18/VIETNAM!AN18 -> 30780.15 | E19: =VIETNAM!AQ18 -> 483191.55
A20: Material | B20: Material (Vietnam)-PLYWOOD-BIRCH | C20: =VIETNAM!AN19 -> 46.345799 | D20: =VIETNAM!AQ19/VIETNAM!AN19 -> 18946.163 | E20: =VIETNAM!AQ19 -> 878075.07
B21: Reject ( Packing )
B22: total | C22: =SUM(C2:C20) -> 886.0216 | E22: =SUM(E2:E21) -> 20424293

Sheet สื้นเปลือง
A1: วัตถุสิ้นเปลือง
A2: Item Code. | B2: Decription | C2: Size | F2: Price | G2: หน่วย | H2: Beginning Product | I2: หมายเหตุ
C3: T(mm) | D3: W | E3: L
A4: TW-PL001 | B4: แผ่นพาเลท 4x1220x2440 | C4: 4 | D4: 1220 | E4: 2440 | H4: 0
A5: TW-PL002 | B5: แผ่นพาเลท 10x1220x2250 | C5: 10 | D5: 1220 | E5: 2250 | H5: 0
A6: TW-PL003 | B6: แผ่นพาเลท 2.5x1220x2440 | C6: 2.5 | D6: 1220 | E6: 2440 | H6: 0
A7: TW-PL004 | B7: ไม้อัดแผ่นเรียบ 9x1220x1220 | C7: 9 | D7: 1220 | E7: 1220 | H7: 0
A8: TW-PL005 | B8: ไม้อัดแผ่นเรียบ 9x1220x2440 | C8: 9 | D8: 1220 | E8: 2440
A9: TW-PL006 | B9: ไม้อัดแผ่นเรียบ 90x600x600 | C9: 90 | D9: 600 | E9: 600
A10: TW-PL007 | B10: แผ่นพาเลท 2.3x1220x2440 | C10: 2.3 | D10: 1220 | E10: 2440
A11: TW-PPC001 | B11: Paper angle Bead มุมกระดาษ
H12: =SUM(H4:H11) -> 0
